<?xml version="1.0" standalone="yes"?>
<NewDataSet>
  <xs:schema id="NewDataSet" xmlns="" xmlns:xs="http://www.w3.org/2001/XMLSchema" xmlns:msdata="urn:schemas-microsoft-com:xml-msdata">
    <xs:element name="NewDataSet" msdata:IsDataSet="true" msdata:MainDataTable="AutPrestamos" msdata:Locale="es-MX">
      <xs:complexType>
        <xs:choice minOccurs="0" maxOccurs="unbounded">
          <xs:element name="AutPrestamos" msdata:CaseSensitive="False" msdata:Locale="es-MX">
            <xs:complexType>
              <xs:sequence>
                <xs:element name="NO" type="xs:string" minOccurs="0" />
                <xs:element name="FECHA" type="xs:dateTime" minOccurs="0" />
                <xs:element name="HORA" type="xs:string" minOccurs="0" />
                <xs:element name="USUARIO" type="xs:string" minOccurs="0" />
                <xs:element name="ANTERIOR" type="xs:string" minOccurs="0" />
                <xs:element name="NUEVO" type="xs:string" minOccurs="0" />
                <xs:element name="MOTIVO" type="xs:string" minOccurs="0" />
                <xs:element name="CONTRATO" type="xs:int" minOccurs="0" />
              </xs:sequence>
            </xs:complexType>
          </xs:element>
        </xs:choice>
      </xs:complexType>
    </xs:element>
  </xs:schema>
  <AutPrestamos>
    <NO>16</NO>
    <FECHA>2018-05-04T00:00:00-05:00</FECHA>
    <HORA>11:05</HORA>
    <USUARIO>JAIME191</USUARIO>
    <ANTERIOR>1875.0000</ANTERIOR>
    <NUEVO>2000.0000</NUEVO>
    <MOTIVO>RECUPERACION DE CONTRATO DE FIRST CASH  YA ES CLIENTE </MOTIVO>
    <CONTRATO>125266</CONTRATO>
  </AutPrestamos>
  <AutPrestamos>
    <NO>17</NO>
    <FECHA>2018-05-07T00:00:00-05:00</FECHA>
    <HORA>13:05</HORA>
    <USUARIO>jaime191</USUARIO>
    <ANTERIOR>444.0000</ANTERIOR>
    <NUEVO>470.0000</NUEVO>
    <MOTIVO>SE LE PRESTO MAXIMO POR SE CLIENTA </MOTIVO>
    <CONTRATO>125274</CONTRATO>
  </AutPrestamos>
  <AutPrestamos>
    <NO>1</NO>
    <FECHA>2018-01-09T00:00:00-06:00</FECHA>
    <HORA>17:01</HORA>
    <USUARIO>jaime191</USUARIO>
    <ANTERIOR>944.0000</ANTERIOR>
    <NUEVO>1030.0000</NUEVO>
    <MOTIVO>EN EL TIEMPO EN QUE SE EMPEÑO ESTA PRENDA ANTERIORMENTE EL ORO ESTABA EN  UN PRECIO MAS ALTO.  QUE EL DE AHORITA</MOTIVO>
    <CONTRATO>144086</CONTRATO>
  </AutPrestamos>
  <AutPrestamos>
    <NO>2</NO>
    <FECHA>2018-01-10T00:00:00-06:00</FECHA>
    <HORA>13:01</HORA>
    <USUARIO>JAIME191</USUARIO>
    <ANTERIOR>9719.0000</ANTERIOR>
    <NUEVO>10507.0000</NUEVO>
    <MOTIVO>CUANDO SE REALIZO EL CONTRATO POR PRIMERA VEZ EL PRECIO DEL GRAMO DE ORO ESTABA MAS ALTO QUE AHORITA  </MOTIVO>
    <CONTRATO>144095</CONTRATO>
  </AutPrestamos>
  <AutPrestamos>
    <NO>3</NO>
    <FECHA>2018-01-12T00:00:00-06:00</FECHA>
    <HORA>13:01</HORA>
    <USUARIO>jaime191</USUARIO>
    <ANTERIOR>14855.0000</ANTERIOR>
    <NUEVO>15817.0000</NUEVO>
    <MOTIVO>EN EL MOMENTO EN QUE SE REALIZO EL EMPEÑO POR PRIMERA VEZ EL PRECIO DEL ORO ESTABA MAS ALTO. </MOTIVO>
    <CONTRATO>144126</CONTRATO>
  </AutPrestamos>
  <AutPrestamos>
    <NO>4</NO>
    <FECHA>2018-01-15T00:00:00-06:00</FECHA>
    <HORA>13:01</HORA>
    <USUARIO>jaime191</USUARIO>
    <ANTERIOR>711.0000</ANTERIOR>
    <NUEVO>750.0000</NUEVO>
    <MOTIVO>EN EL MOMENTO QUE SE REALIZO POR PRIMERA VEZ EL CONTRATO EL PRECIO DEL ORO ESTABA MAS ALTO</MOTIVO>
    <CONTRATO>144149</CONTRATO>
  </AutPrestamos>
  <AutPrestamos>
    <NO>5</NO>
    <FECHA>2018-01-16T00:00:00-06:00</FECHA>
    <HORA>17:01</HORA>
    <USUARIO>jaime191</USUARIO>
    <ANTERIOR>1933.0000</ANTERIOR>
    <NUEVO>2100.0000</NUEVO>
    <MOTIVO>EN EL MOMENTO QUE SE REALIZO POR PRIMERA VEZ ESTE CONTRATO EL PRECIO DEL ORO ESTABA MAS ALTO</MOTIVO>
    <CONTRATO>144173</CONTRATO>
  </AutPrestamos>
  <AutPrestamos>
    <NO>6</NO>
    <FECHA>2018-01-16T00:00:00-06:00</FECHA>
    <HORA>17:01</HORA>
    <USUARIO>jaime191</USUARIO>
    <ANTERIOR>5605.0000</ANTERIOR>
    <NUEVO>6300.0000</NUEVO>
    <MOTIVO>EN EL MOMENTO QUE SE REALIZO ESTE CONTRATO POR PRIMERA VEZ EL PRECIO DEL ORO ESTABA MAS ALTO</MOTIVO>
    <CONTRATO>144174</CONTRATO>
  </AutPrestamos>
  <AutPrestamos>
    <NO>7</NO>
    <FECHA>2018-01-22T00:00:00-06:00</FECHA>
    <HORA>15:01</HORA>
    <USUARIO>jaime191</USUARIO>
    <ANTERIOR>2297.0000</ANTERIOR>
    <NUEVO>2500.0000</NUEVO>
    <MOTIVO>CUANDO SE REALIZO ESTE CONTRATO POR PRIMERA VEZ EL PRECIO DEL GRAMO DE ORO ESTABA MAS ALTO</MOTIVO>
    <CONTRATO>144227</CONTRATO>
  </AutPrestamos>
  <AutPrestamos>
    <NO>8</NO>
    <FECHA>2018-01-23T00:00:00-06:00</FECHA>
    <HORA>17:01</HORA>
    <USUARIO>jaime191</USUARIO>
    <ANTERIOR>3217.0000</ANTERIOR>
    <NUEVO>3600.0000</NUEVO>
    <MOTIVO>POR ESTAR BAJOS EN EMPEÑOS EN SUCURSAL AUTORIZADO POR G.O.</MOTIVO>
    <CONTRATO>144246</CONTRATO>
  </AutPrestamos>
  <AutPrestamos>
    <NO>9</NO>
    <FECHA>2018-02-06T00:00:00-06:00</FECHA>
    <HORA>13:02</HORA>
    <USUARIO>JAIME191</USUARIO>
    <ANTERIOR>821.0000</ANTERIOR>
    <NUEVO>900.0000</NUEVO>
    <MOTIVO>SE PRESTO MAXIMO POR SER CLIENTE </MOTIVO>
    <CONTRATO>144404</CONTRATO>
  </AutPrestamos>
  <AutPrestamos>
    <NO>10</NO>
    <FECHA>2018-02-06T00:00:00-06:00</FECHA>
    <HORA>17:02</HORA>
    <USUARIO>JAIME191</USUARIO>
    <ANTERIOR>5038.0000</ANTERIOR>
    <NUEVO>5350.0000</NUEVO>
    <MOTIVO>SE PRESTO MAS POR SER CLIENTE </MOTIVO>
    <CONTRATO>144415</CONTRATO>
  </AutPrestamos>
  <AutPrestamos>
    <NO>11</NO>
    <FECHA>2018-02-19T00:00:00-06:00</FECHA>
    <HORA>16:02</HORA>
    <USUARIO>jaime191</USUARIO>
    <ANTERIOR>5536.0000</ANTERIOR>
    <NUEVO>6055.0000</NUEVO>
    <MOTIVO>ERROR DE KILATAJE DE 14 POR 24 POR CAPTURA</MOTIVO>
    <CONTRATO>144550</CONTRATO>
  </AutPrestamos>
  <AutPrestamos>
    <NO>12</NO>
    <FECHA>2018-02-27T00:00:00-06:00</FECHA>
    <HORA>16:02</HORA>
    <USUARIO>jaime191</USUARIO>
    <ANTERIOR>4922.0000</ANTERIOR>
    <NUEVO>5300.0000</NUEVO>
    <MOTIVO>REAJUSTE DE AVALUO DE TULA 1</MOTIVO>
    <CONTRATO>144629</CONTRATO>
  </AutPrestamos>
  <AutPrestamos>
    <NO>13</NO>
    <FECHA>2018-03-06T00:00:00-06:00</FECHA>
    <HORA>10:03</HORA>
    <USUARIO>jaime191</USUARIO>
    <ANTERIOR>3616.0000</ANTERIOR>
    <NUEVO>3800.0000</NUEVO>
    <MOTIVO>SE PRESTO MAXIMO POR SER CLIENTE </MOTIVO>
    <CONTRATO>144718</CONTRATO>
  </AutPrestamos>
  <AutPrestamos>
    <NO>14</NO>
    <FECHA>2018-03-06T00:00:00-06:00</FECHA>
    <HORA>12:03</HORA>
    <USUARIO>jaime191</USUARIO>
    <ANTERIOR>6841.0000</ANTERIOR>
    <NUEVO>7400.0000</NUEVO>
    <MOTIVO>SE PRESTO MAXIMO REAJUSTE DE AVALUO TULA 1 A TULA 3
</MOTIVO>
    <CONTRATO>144722</CONTRATO>
  </AutPrestamos>
  <AutPrestamos>
    <NO>15</NO>
    <FECHA>2018-03-08T00:00:00-06:00</FECHA>
    <HORA>11:03</HORA>
    <USUARIO>jaime191</USUARIO>
    <ANTERIOR>8102.0000</ANTERIOR>
    <NUEVO>8700.0000</NUEVO>
    <MOTIVO>SE LE PRESTO EL MAXIMO POR SER CLIENTE </MOTIVO>
    <CONTRATO>144746</CONTRATO>
  </AutPrestamos>
</NewDataSet>