<?xml version="1.0" standalone="yes"?>
<NewDataSet>
  <xs:schema id="NewDataSet" xmlns="" xmlns:xs="http://www.w3.org/2001/XMLSchema" xmlns:msdata="urn:schemas-microsoft-com:xml-msdata">
    <xs:element name="NewDataSet" msdata:IsDataSet="true" msdata:MainDataTable="Depositos" msdata:Locale="es-MX">
      <xs:complexType>
        <xs:choice minOccurs="0" maxOccurs="unbounded">
          <xs:element name="Depositos" msdata:CaseSensitive="False" msdata:Locale="es-MX">
            <xs:complexType>
              <xs:sequence>
                <xs:element name="no" type="xs:string" minOccurs="0" />
                <xs:element name="deposito" type="xs:double" minOccurs="0" />
                <xs:element name="fecha" type="xs:dateTime" minOccurs="0" />
                <xs:element name="realizo" type="xs:string" minOccurs="0" />
                <xs:element name="caja" type="xs:string" minOccurs="0" />
                <xs:element name="comentario" type="xs:string" minOccurs="0" />
                <xs:element name="tipo_deposito" type="xs:string" minOccurs="0" />
              </xs:sequence>
            </xs:complexType>
          </xs:element>
        </xs:choice>
      </xs:complexType>
    </xs:element>
  </xs:schema>
  <Depositos>
    <no>2</no>
    <deposito>1</deposito>
    <fecha>2017-12-29T00:00:00-06:00</fecha>
    <realizo>AUXILIAR 2 .</realizo>
    <caja>MRO-TLA3-12</caja>
    <comentario>No. referencia: PRUEBA -- PRUEBA DE SISTEMAS </comentario>
    <tipo_deposito>DEPOSITO CHEQUE</tipo_deposito>
  </Depositos>
  <Depositos>
    <no>3</no>
    <deposito>30000</deposito>
    <fecha>2018-01-03T00:00:00-06:00</fecha>
    <realizo>SOCORRO HERNANDEZ TREJO</realizo>
    <caja>MRO-TLA3-12</caja>
    <comentario>No. referencia: 03 01 2018 -- TRANSFERENCIA DE EFECTIVO DE LA CAJA 2 DE TULA 1 A TULA 3 </comentario>
    <tipo_deposito>DEPOSITO OTROS</tipo_deposito>
  </Depositos>
  <Depositos>
    <no>4</no>
    <deposito>30000</deposito>
    <fecha>2018-01-03T00:00:00-06:00</fecha>
    <realizo>SOCORRO HERNANDEZ TREJO</realizo>
    <caja>MRO-TLA3-12</caja>
    <comentario>No. referencia: 03 01 2018 -- TRANFERENCIA DE TULA 1 A TULA 3 </comentario>
    <tipo_deposito>DEPOSITO OTROS</tipo_deposito>
  </Depositos>
  <Depositos>
    <no>5</no>
    <deposito>30000</deposito>
    <fecha>2018-01-03T00:00:00-06:00</fecha>
    <realizo>SOCORRO HERNANDEZ TREJO</realizo>
    <caja>MRO-TLA3-12</caja>
    <comentario>No. referencia: 03 01 2018 -- TRANSFERENCIA DE TULA 1 A TULA 3 </comentario>
    <tipo_deposito>DEPOSITO OTROS</tipo_deposito>
  </Depositos>
  <Depositos>
    <no>6</no>
    <deposito>30000</deposito>
    <fecha>2018-01-04T00:00:00-06:00</fecha>
    <realizo>SOCORRO HERNANDEZ TREJO</realizo>
    <caja>MRO-TLA3-12</caja>
    <comentario>No. referencia: 04 ENE 2018 -- TRANSFERENCIA DE TULA 1 A TULA 3 </comentario>
    <tipo_deposito>DEPOSITO OTROS</tipo_deposito>
  </Depositos>
  <Depositos>
    <no>7</no>
    <deposito>30000</deposito>
    <fecha>2018-01-09T00:00:00-06:00</fecha>
    <realizo>SOCORRO HERNANDEZ TREJO</realizo>
    <caja>MRO-TLA3-12</caja>
    <comentario>No. referencia: 09 ENE 2018 -- TRANSFERENCIA DE TULA 1 A TULA 3 </comentario>
    <tipo_deposito>DEPOSITO OTROS</tipo_deposito>
  </Depositos>
  <Depositos>
    <no>8</no>
    <deposito>30000</deposito>
    <fecha>2018-01-10T00:00:00-06:00</fecha>
    <realizo>SOCORRO HERNANDEZ TREJO</realizo>
    <caja>MRO-TLA3-12</caja>
    <comentario>No. referencia: 10 ENE 2018 -- TRANSFERENCIA DE TULA 1 A TULA 3 </comentario>
    <tipo_deposito>DEPOSITO OTROS</tipo_deposito>
  </Depositos>
  <Depositos>
    <no>9</no>
    <deposito>30000</deposito>
    <fecha>2018-01-10T00:00:00-06:00</fecha>
    <realizo>SOCORRO HERNANDEZ TREJO</realizo>
    <caja>MRO-TLA3-12</caja>
    <comentario>No. referencia: 10 ENE 2018 -- TRANSFERENCIA DE TULA 1 A TULA 3 </comentario>
    <tipo_deposito>DEPOSITO OTROS</tipo_deposito>
  </Depositos>
  <Depositos>
    <no>10</no>
    <deposito>30000</deposito>
    <fecha>2018-01-11T00:00:00-06:00</fecha>
    <realizo>SOCORRO HERNANDEZ TREJO</realizo>
    <caja>MRO-TLA3-12</caja>
    <comentario>No. referencia: 11-ENE-2018 -- TRANSFERENCIA DE TULA 1 A TULA 3 </comentario>
    <tipo_deposito>DEPOSITO OTROS</tipo_deposito>
  </Depositos>
  <Depositos>
    <no>11</no>
    <deposito>30000</deposito>
    <fecha>2018-01-12T00:00:00-06:00</fecha>
    <realizo>SOCORRO HERNANDEZ TREJO</realizo>
    <caja>MRO-TLA3-12</caja>
    <comentario>No. referencia: 12 ENE 2018 -- TRANSFERENCIA DE TULA 1 A TULA 3 </comentario>
    <tipo_deposito>DEPOSITO OTROS</tipo_deposito>
  </Depositos>
  <Depositos>
    <no>12</no>
    <deposito>30000</deposito>
    <fecha>2018-01-12T00:00:00-06:00</fecha>
    <realizo>SOCORRO HERNANDEZ TREJO</realizo>
    <caja>MRO-TLA3-12</caja>
    <comentario>No. referencia: 12 ENE 2018 -- TRANSFERENCIA DE TULA 1 A TULA 3 </comentario>
    <tipo_deposito>DEPOSITO OTROS</tipo_deposito>
  </Depositos>
  <Depositos>
    <no>13</no>
    <deposito>30000</deposito>
    <fecha>2018-01-13T00:00:00-06:00</fecha>
    <realizo>SOCORRO HERNANDEZ TREJO</realizo>
    <caja>MRO-TLA3-12</caja>
    <comentario>No. referencia: 13 ENE 2018 -- TRANSFERENCIA DE TULA 1 A TULA 3 </comentario>
    <tipo_deposito>DEPOSITO OTROS</tipo_deposito>
  </Depositos>
  <Depositos>
    <no>14</no>
    <deposito>30000</deposito>
    <fecha>2018-01-16T00:00:00-06:00</fecha>
    <realizo>SOCORRO HERNANDEZ TREJO</realizo>
    <caja>MRO-TLA3-12</caja>
    <comentario>No. referencia: 16 ENE 2018 -- TRANSFERENCIA DE TULA 1 A TULA 3 </comentario>
    <tipo_deposito>DEPOSITO OTROS</tipo_deposito>
  </Depositos>
  <Depositos>
    <no>15</no>
    <deposito>30000</deposito>
    <fecha>2018-01-17T00:00:00-06:00</fecha>
    <realizo>SOCORRO HERNANDEZ TREJO</realizo>
    <caja>MRO-TLA3-12</caja>
    <comentario>No. referencia: 17-ENE-2018 -- TRANSFERENCIA DE TULA 1 A TULA 3 </comentario>
    <tipo_deposito>DEPOSITO OTROS</tipo_deposito>
  </Depositos>
  <Depositos>
    <no>16</no>
    <deposito>30000</deposito>
    <fecha>2018-01-18T00:00:00-06:00</fecha>
    <realizo>SOCORRO HERNANDEZ TREJO</realizo>
    <caja>MRO-TLA3-12</caja>
    <comentario>No. referencia: 18-ENE-2018 -- TRANSFERENCIA DE TULA 1 TULA 3 </comentario>
    <tipo_deposito>DEPOSITO OTROS</tipo_deposito>
  </Depositos>
  <Depositos>
    <no>17</no>
    <deposito>30000</deposito>
    <fecha>2018-01-19T00:00:00-06:00</fecha>
    <realizo>SOCORRO HERNANDEZ TREJO</realizo>
    <caja>MRO-TLA3-12</caja>
    <comentario>No. referencia: 19 ENE 2018 -- TRANSFERENCIA TULA 1 A TULA 3 </comentario>
    <tipo_deposito>DEPOSITO OTROS</tipo_deposito>
  </Depositos>
  <Depositos>
    <no>18</no>
    <deposito>30000</deposito>
    <fecha>2018-01-20T00:00:00-06:00</fecha>
    <realizo>SOCORRO HERNANDEZ TREJO</realizo>
    <caja>MRO-TLA3-12</caja>
    <comentario>No. referencia: 20 ENE 2018 -- TRANFERENCIA DE TULA 1 A TULA 3 </comentario>
    <tipo_deposito>DEPOSITO OTROS</tipo_deposito>
  </Depositos>
  <Depositos>
    <no>19</no>
    <deposito>30000</deposito>
    <fecha>2018-01-22T00:00:00-06:00</fecha>
    <realizo>SOCORRO HERNANDEZ TREJO</realizo>
    <caja>MRO-TLA3-12</caja>
    <comentario>No. referencia: 22 ENE 2018 -- TRANSFERENCIA DE TULA 1 A TULA 3 </comentario>
    <tipo_deposito>DEPOSITO OTROS</tipo_deposito>
  </Depositos>
  <Depositos>
    <no>20</no>
    <deposito>30000</deposito>
    <fecha>2018-01-22T00:00:00-06:00</fecha>
    <realizo>SOCORRO HERNANDEZ TREJO</realizo>
    <caja>MRO-TLA3-12</caja>
    <comentario>No. referencia: 22-ENE-2018 -- TRANSFERENCIA DE TULA 1 A TULA 3 </comentario>
    <tipo_deposito>DEPOSITO OTROS</tipo_deposito>
  </Depositos>
  <Depositos>
    <no>21</no>
    <deposito>30000</deposito>
    <fecha>2018-01-23T00:00:00-06:00</fecha>
    <realizo>SOCORRO HERNANDEZ TREJO</realizo>
    <caja>MRO-TLA3-12</caja>
    <comentario>No. referencia: 23-ENE-2018 -- TRANSFERENCIA DE TULA 1 A TULA 3 </comentario>
    <tipo_deposito>DEPOSITO OTROS</tipo_deposito>
  </Depositos>
  <Depositos>
    <no>22</no>
    <deposito>30000</deposito>
    <fecha>2018-01-25T00:00:00-06:00</fecha>
    <realizo>SOCORRO HERNANDEZ TREJO</realizo>
    <caja>MRO-TLA3-12</caja>
    <comentario>No. referencia: 25-01-2018 -- TRANSFERENCIA TULA 1 A TULA 3 </comentario>
    <tipo_deposito>DEPOSITO OTROS</tipo_deposito>
  </Depositos>
  <Depositos>
    <no>23</no>
    <deposito>30000</deposito>
    <fecha>2018-01-26T00:00:00-06:00</fecha>
    <realizo>SOCORRO HERNANDEZ TREJO</realizo>
    <caja>MRO-TLA3-12</caja>
    <comentario>No. referencia: 26 01 2018 -- TRANSFERENCIA DE TULA 1 A TULA 3 </comentario>
    <tipo_deposito>DEPOSITO OTROS</tipo_deposito>
  </Depositos>
  <Depositos>
    <no>24</no>
    <deposito>30000</deposito>
    <fecha>2018-01-26T00:00:00-06:00</fecha>
    <realizo>SOCORRO HERNANDEZ TREJO</realizo>
    <caja>MRO-TLA3-12</caja>
    <comentario>No. referencia: 26 ENE 2018 -- TRANSFERENCIA TULA 1 A TULA 3 </comentario>
    <tipo_deposito>DEPOSITO OTROS</tipo_deposito>
  </Depositos>
  <Depositos>
    <no>25</no>
    <deposito>30000</deposito>
    <fecha>2018-01-26T00:00:00-06:00</fecha>
    <realizo>SOCORRO HERNANDEZ TREJO</realizo>
    <caja>MRO-TLA3-12</caja>
    <comentario>No. referencia: 26-ENE-2018 -- TRANSFERENCIA DE TULA 1 TULA 3 </comentario>
    <tipo_deposito>DEPOSITO OTROS</tipo_deposito>
  </Depositos>
  <Depositos>
    <no>26</no>
    <deposito>30000</deposito>
    <fecha>2018-01-27T00:00:00-06:00</fecha>
    <realizo>SOCORRO HERNANDEZ TREJO</realizo>
    <caja>MRO-TLA3-12</caja>
    <comentario>No. referencia: 27 ENE 2018 -- TRANSFERENCIA DE TULA 1 A TULA 3 </comentario>
    <tipo_deposito>DEPOSITO OTROS</tipo_deposito>
  </Depositos>
  <Depositos>
    <no>27</no>
    <deposito>30000</deposito>
    <fecha>2018-01-29T00:00:00-06:00</fecha>
    <realizo>SOCORRO HERNANDEZ TREJO</realizo>
    <caja>MRO-TLA3-12</caja>
    <comentario>No. referencia: 29 ENE 2018 -- TRANSFERENCIA TULA 1 A TULA 3 </comentario>
    <tipo_deposito>DEPOSITO OTROS</tipo_deposito>
  </Depositos>
  <Depositos>
    <no>28</no>
    <deposito>30000</deposito>
    <fecha>2018-01-30T00:00:00-06:00</fecha>
    <realizo>SOCORRO HERNANDEZ TREJO</realizo>
    <caja>MRO-TLA3-12</caja>
    <comentario>No. referencia: 30-ENE-2018 -- TRANSFERENCIA DE TULA 1 A TULA 3 </comentario>
    <tipo_deposito>DEPOSITO OTROS</tipo_deposito>
  </Depositos>
  <Depositos>
    <no>29</no>
    <deposito>30000</deposito>
    <fecha>2018-01-30T00:00:00-06:00</fecha>
    <realizo>SOCORRO HERNANDEZ TREJO</realizo>
    <caja>MRO-TLA3-12</caja>
    <comentario>No. referencia: 30-ENE-2018 -- TRANSFERENCIA TULA 1 A TULA 3 </comentario>
    <tipo_deposito>DEPOSITO OTROS</tipo_deposito>
  </Depositos>
  <Depositos>
    <no>30</no>
    <deposito>30000</deposito>
    <fecha>2018-01-30T00:00:00-06:00</fecha>
    <realizo>SOCORRO HERNANDEZ TREJO</realizo>
    <caja>MRO-TLA3-12</caja>
    <comentario>No. referencia: 30-ENE-2018 -- TRANSFERENCIA DE TULA 1 A TULA 3 </comentario>
    <tipo_deposito>DEPOSITO OTROS</tipo_deposito>
  </Depositos>
  <Depositos>
    <no>31</no>
    <deposito>30000</deposito>
    <fecha>2018-01-31T00:00:00-06:00</fecha>
    <realizo>SOCORRO HERNANDEZ TREJO</realizo>
    <caja>MRO-TLA3-12</caja>
    <comentario>No. referencia: 31-ENE-2018 -- TRANSFERENCIA TULA1 A TULA 3 </comentario>
    <tipo_deposito>DEPOSITO OTROS</tipo_deposito>
  </Depositos>
  <Depositos>
    <no>32</no>
    <deposito>30000</deposito>
    <fecha>2018-02-01T00:00:00-06:00</fecha>
    <realizo>SOCORRO HERNANDEZ TREJO</realizo>
    <caja>MRO-TLA3-12</caja>
    <comentario>No. referencia: 179 -- DEPOSITO DEL CHEQUE 179 AMPL DE FONDOS </comentario>
    <tipo_deposito>DEPOSITO CHEQUE</tipo_deposito>
  </Depositos>
  <Depositos>
    <no>33</no>
    <deposito>5</deposito>
    <fecha>2018-02-07T00:00:00-06:00</fecha>
    <realizo>CARLOS CALDERON CABRERA</realizo>
    <caja>MRO-TLA3-12</caja>
    <comentario>No. referencia: 07 02 18 -- SOBRANTE EN CAJA  </comentario>
    <tipo_deposito>DEPOSITO OTROS</tipo_deposito>
  </Depositos>
  <Depositos>
    <no>34</no>
    <deposito>50000</deposito>
    <fecha>2018-02-08T00:00:00-06:00</fecha>
    <realizo>CARLOS CALDERON CABRERA</realizo>
    <caja>MRO-TLA3-12</caja>
    <comentario>No. referencia: 08 2018 --  TRASFERENCIA CAJA 1 TULA 1  </comentario>
    <tipo_deposito>DEPOSITO OTROS</tipo_deposito>
  </Depositos>
  <Depositos>
    <no>35</no>
    <deposito>29000</deposito>
    <fecha>2018-02-13T00:00:00-06:00</fecha>
    <realizo>CARLOS CALDERON CABRERA</realizo>
    <caja>MRO-TLA3-12</caja>
    <comentario>No. referencia: 180 -- AMPLIACION DE FONDOS PARA SUCURSAL CHK 180 </comentario>
    <tipo_deposito>DEPOSITO CHEQUE</tipo_deposito>
  </Depositos>
  <Depositos>
    <no>36</no>
    <deposito>50000</deposito>
    <fecha>2018-02-15T00:00:00-06:00</fecha>
    <realizo>CARLOS CALDERON CABRERA</realizo>
    <caja>MRO-TLA3-12</caja>
    <comentario>No. referencia: 1502.2018 -- TRANSFER DESDE CAJA 1 TULA 1 </comentario>
    <tipo_deposito>DEPOSITO OTROS</tipo_deposito>
  </Depositos>
  <Depositos>
    <no>37</no>
    <deposito>30000</deposito>
    <fecha>2018-02-16T00:00:00-06:00</fecha>
    <realizo>CARLOS CALDERON CABRERA</realizo>
    <caja>MRO-TLA3-12</caja>
    <comentario>No. referencia: 16-02-18 -- TRANSFERENCIA DE PROGRESO A TULA 3 </comentario>
    <tipo_deposito>DEPOSITO OTROS</tipo_deposito>
  </Depositos>
  <Depositos>
    <no>38</no>
    <deposito>50000</deposito>
    <fecha>2018-03-07T00:00:00-06:00</fecha>
    <realizo>CARLOS CALDERON CABRERA</realizo>
    <caja>MRO-TLA3-12</caja>
    <comentario>No. referencia: 070318 -- TRANSFERENCIA DE CAJA 1 TULA 1 A CAJA 12 TULA 3 </comentario>
    <tipo_deposito>DEPOSITO OTROS</tipo_deposito>
  </Depositos>
  <Depositos>
    <no>39</no>
    <deposito>648</deposito>
    <fecha>2018-03-15T00:00:00-06:00</fecha>
    <realizo>CARLOS CALDERON CABRERA</realizo>
    <caja>MRO-TLA3-12</caja>
    <comentario>No. referencia: 150318 -- EMPEÑO SANTA MUERTE PRENDINERO INVENTARIO CMGG6068 </comentario>
    <tipo_deposito>DEPOSITO OTROS</tipo_deposito>
  </Depositos>
  <Depositos>
    <no>40</no>
    <deposito>530</deposito>
    <fecha>2018-03-15T00:00:00-06:00</fecha>
    <realizo>CARLOS CALDERON CABRERA</realizo>
    <caja>MRO-TLA3-12</caja>
    <comentario>No. referencia: 150318 -- EMPEÑO DIJE MICKEY MOUSE FUNDACION DONDE INVENTARIO CMGA10930 </comentario>
    <tipo_deposito>DEPOSITO OTROS</tipo_deposito>
  </Depositos>
  <Depositos>
    <no>41</no>
    <deposito>27</deposito>
    <fecha>2018-03-15T00:00:00-06:00</fecha>
    <realizo>CARLOS CALDERON CABRERA</realizo>
    <caja>MRO-TLA3-12</caja>
    <comentario>No. referencia: 15-03-18 -- SOBRANTE EN CAJA  </comentario>
    <tipo_deposito>DEPOSITO SOBRANTE</tipo_deposito>
  </Depositos>
  <Depositos>
    <no>42</no>
    <deposito>1</deposito>
    <fecha>2018-03-16T00:00:00-06:00</fecha>
    <realizo>JAIME VILLEDA REYES</realizo>
    <caja>MRO-TLA3-11</caja>
    <comentario>No. referencia: 16 03 18 -- APERTURA DE CAJA</comentario>
    <tipo_deposito>DEPOSITO APERTURA CAJA</tipo_deposito>
  </Depositos>
  <Depositos>
    <no>43</no>
    <deposito>22</deposito>
    <fecha>2018-04-30T00:00:00-05:00</fecha>
    <realizo>CARLOS CALDERON CABRERA</realizo>
    <caja>MRO-TLA3-12</caja>
    <comentario>No. referencia: 30 04 2018 -- SOBRANTE EN  CAJA   </comentario>
    <tipo_deposito>DEPOSITO SOBRANTE</tipo_deposito>
  </Depositos>
  <Depositos>
    <no>44</no>
    <deposito>7000</deposito>
    <fecha>2018-05-23T00:00:00-05:00</fecha>
    <realizo>JAIME VILLEDA REYES</realizo>
    <caja>MRO-TLA3-11</caja>
    <comentario>No. referencia: 05 2018 -- TRASFERENCIA DE CAJA 1 TULA 1 </comentario>
    <tipo_deposito>DEPOSITO OTROS</tipo_deposito>
  </Depositos>
  <Depositos>
    <no>45</no>
    <deposito>30000</deposito>
    <fecha>2018-05-30T00:00:00-05:00</fecha>
    <realizo>JAIME VILLEDA REYES</realizo>
    <caja>MRO-TLA3-11</caja>
    <comentario>No. referencia: 189 -- AMPLIACION DE FONDOS  PARA SUCURSAL CHK 189  </comentario>
    <tipo_deposito>DEPOSITO CHEQUE</tipo_deposito>
  </Depositos>
  <Depositos>
    <no>46</no>
    <deposito>62</deposito>
    <fecha>2018-05-30T00:00:00-05:00</fecha>
    <realizo>CARLOS CALDERON CABRERA</realizo>
    <caja>MRO-TLA3-12</caja>
    <comentario>No. referencia: 30-05-18 -- SOBRANTE EN CAJA  </comentario>
    <tipo_deposito>DEPOSITO OTROS</tipo_deposito>
  </Depositos>
  <Depositos>
    <no>47</no>
    <deposito>962.88</deposito>
    <fecha>2018-07-28T00:00:00-05:00</fecha>
    <realizo>JAIME VILLEDA REYES</realizo>
    <caja>MRO-TLA3-11</caja>
    <comentario>No. referencia: 28 07 2018 -- TRASFERENCIA DE CAJA 1 TULA 1  CERRA CAJA  </comentario>
    <tipo_deposito>DEPOSITO OTROS</tipo_deposito>
  </Depositos>
  <Depositos>
    <no>48</no>
    <deposito>30000</deposito>
    <fecha>2018-08-10T00:00:00-05:00</fecha>
    <realizo>JAIME VILLEDA REYES</realizo>
    <caja>MRO-TLA3-11</caja>
    <comentario>No. referencia: 10 08  2018 -- TRASFERENCIA DE PROGRESO </comentario>
    <tipo_deposito>DEPOSITO OTROS</tipo_deposito>
  </Depositos>
  <Depositos>
    <no>49</no>
    <deposito>19</deposito>
    <fecha>2018-08-11T00:00:00-05:00</fecha>
    <realizo>CARLOS CALDERON CABRERA</realizo>
    <caja>MRO-TLA3-12</caja>
    <comentario>No. referencia: 110818 -- SOBRANTE DE CAJA 12</comentario>
    <tipo_deposito>DEPOSITO SOBRANTE</tipo_deposito>
  </Depositos>
  <Depositos>
    <no>50</no>
    <deposito>50000</deposito>
    <fecha>2018-09-12T00:00:00-05:00</fecha>
    <realizo>JAIME VILLEDA REYES</realizo>
    <caja>MRO-TLA3-11</caja>
    <comentario>No. referencia: 12 09 2018 -- TRANSFERENCIA DE PROGRESO </comentario>
    <tipo_deposito>DEPOSITO OTROS</tipo_deposito>
  </Depositos>
  <Depositos>
    <no>51</no>
    <deposito>6.3</deposito>
    <fecha>2018-10-19T00:00:00-05:00</fecha>
    <realizo>JAIME VILLEDA REYES</realizo>
    <caja>MRO-TLA3-11</caja>
    <comentario>No. referencia: 19 10 2018 -- DEPOSITO DE COMPROBACION DE GASTOS  F153  </comentario>
    <tipo_deposito>DEPOSITO OTROS</tipo_deposito>
  </Depositos>
  <Depositos>
    <no>52</no>
    <deposito>30000</deposito>
    <fecha>2018-10-20T00:00:00-05:00</fecha>
    <realizo>JAIME VILLEDA REYES</realizo>
    <caja>MRO-TLA3-11</caja>
    <comentario>No. referencia: 20 10 2018 -- TRANSFERENCIA DE PROGRESO DE OBREGON </comentario>
    <tipo_deposito>DEPOSITO OTROS</tipo_deposito>
  </Depositos>
  <Depositos>
    <no>53</no>
    <deposito>29000</deposito>
    <fecha>2018-10-24T00:00:00-05:00</fecha>
    <realizo>VIRIDIANA GARCIA ALVAREZ</realizo>
    <caja>MRO-TLA3-12</caja>
    <comentario>No. referencia: 190 -- AMPLIACION DE FONDOS PARA SUCURSAL CHK190</comentario>
    <tipo_deposito>DEPOSITO CHEQUE</tipo_deposito>
  </Depositos>
</NewDataSet>