<?xml version="1.0" standalone="yes"?>
<NewDataSet>
  <xs:schema id="NewDataSet" xmlns="" xmlns:xs="http://www.w3.org/2001/XMLSchema" xmlns:msdata="urn:schemas-microsoft-com:xml-msdata">
    <xs:element name="NewDataSet" msdata:IsDataSet="true" msdata:MainDataTable="CajaAuxiliar" msdata:Locale="es-MX">
      <xs:complexType>
        <xs:choice minOccurs="0" maxOccurs="unbounded">
          <xs:element name="CajaAuxiliar" msdata:CaseSensitive="False" msdata:Locale="es-MX">
            <xs:complexType>
              <xs:sequence>
                <xs:element name="Folio" type="xs:string" minOccurs="0" />
                <xs:element name="Acumulado" type="xs:double" minOccurs="0" />
                <xs:element name="FechaPrimMov" type="xs:dateTime" minOccurs="0" />
                <xs:element name="FechaUltMov" type="xs:dateTime" minOccurs="0" />
                <xs:element name="Comentario" type="xs:string" minOccurs="0" />
                <xs:element name="ultimoEstatus" type="xs:string" minOccurs="0" />
                <xs:element name="ultimaOperacion" type="xs:string" minOccurs="0" />
                <xs:element name="ultimoMovimiento" type="xs:string" minOccurs="0" />
                <xs:element name="Descripcion" type="xs:string" minOccurs="0" />
              </xs:sequence>
            </xs:complexType>
          </xs:element>
        </xs:choice>
      </xs:complexType>
    </xs:element>
  </xs:schema>
  <CajaAuxiliar>
    <Folio>A-1951</Folio>
    <Acumulado>0</Acumulado>
    <FechaPrimMov>2018-01-04T00:00:00-06:00</FechaPrimMov>
    <FechaUltMov>2018-01-19T00:00:00-06:00</FechaUltMov>
    <Comentario>R-80015</Comentario>
    <ultimoEstatus>VENDIDO</ultimoEstatus>
    <ultimaOperacion>3</ultimaOperacion>
    <ultimoMovimiento>22</ultimoMovimiento>
    <Descripcion>RETIRO APART REM</Descripcion>
  </CajaAuxiliar>
  <CajaAuxiliar>
    <Folio>A-1952</Folio>
    <Acumulado>0</Acumulado>
    <FechaPrimMov>2018-01-04T00:00:00-06:00</FechaPrimMov>
    <FechaUltMov>2018-03-03T00:00:00-06:00</FechaUltMov>
    <Comentario>R-80053</Comentario>
    <ultimoEstatus>VENDIDO</ultimoEstatus>
    <ultimaOperacion>3</ultimaOperacion>
    <ultimoMovimiento>83</ultimoMovimiento>
    <Descripcion>RETIRO APART REM</Descripcion>
  </CajaAuxiliar>
  <CajaAuxiliar>
    <Folio>A-1953</Folio>
    <Acumulado>0</Acumulado>
    <FechaPrimMov>2018-01-04T00:00:00-06:00</FechaPrimMov>
    <FechaUltMov>2018-01-04T00:00:00-06:00</FechaUltMov>
    <Comentario>R-80006</Comentario>
    <ultimoEstatus>VENDIDO</ultimoEstatus>
    <ultimaOperacion>3</ultimaOperacion>
    <ultimoMovimiento>5</ultimoMovimiento>
    <Descripcion>RETIRO APART REM</Descripcion>
  </CajaAuxiliar>
  <CajaAuxiliar>
    <Folio>A-1954</Folio>
    <Acumulado>275</Acumulado>
    <FechaPrimMov>2018-01-04T00:00:00-06:00</FechaPrimMov>
    <FechaUltMov>2018-04-27T00:00:00-05:00</FechaUltMov>
    <Comentario />
    <ultimoEstatus>PENALIZADO</ultimoEstatus>
    <ultimaOperacion>2</ultimaOperacion>
    <ultimoMovimiento>128</ultimoMovimiento>
    <Descripcion>PENALIZACION APARTADO</Descripcion>
  </CajaAuxiliar>
  <CajaAuxiliar>
    <Folio>A-1955</Folio>
    <Acumulado>0</Acumulado>
    <FechaPrimMov>2018-01-04T00:00:00-06:00</FechaPrimMov>
    <FechaUltMov>2018-02-03T00:00:00-06:00</FechaUltMov>
    <Comentario>R-80024</Comentario>
    <ultimoEstatus>VENDIDO</ultimoEstatus>
    <ultimaOperacion>5</ultimaOperacion>
    <ultimoMovimiento>41</ultimoMovimiento>
    <Descripcion>RETIRO APART REM</Descripcion>
  </CajaAuxiliar>
  <CajaAuxiliar>
    <Folio>A-1956</Folio>
    <Acumulado>100</Acumulado>
    <FechaPrimMov>2018-01-05T00:00:00-06:00</FechaPrimMov>
    <FechaUltMov>2018-04-27T00:00:00-05:00</FechaUltMov>
    <Comentario />
    <ultimoEstatus>PENALIZADO</ultimoEstatus>
    <ultimaOperacion>2</ultimaOperacion>
    <ultimoMovimiento>129</ultimoMovimiento>
    <Descripcion>PENALIZACION APARTADO</Descripcion>
  </CajaAuxiliar>
  <CajaAuxiliar>
    <Folio>A-1957</Folio>
    <Acumulado>0</Acumulado>
    <FechaPrimMov>2018-01-08T00:00:00-06:00</FechaPrimMov>
    <FechaUltMov>2018-02-17T00:00:00-06:00</FechaUltMov>
    <Comentario>R-80044</Comentario>
    <ultimoEstatus>VENDIDO</ultimoEstatus>
    <ultimaOperacion>3</ultimaOperacion>
    <ultimoMovimiento>72</ultimoMovimiento>
    <Descripcion>RETIRO APART REM</Descripcion>
  </CajaAuxiliar>
  <CajaAuxiliar>
    <Folio>A-1958</Folio>
    <Acumulado>55</Acumulado>
    <FechaPrimMov>2018-01-09T00:00:00-06:00</FechaPrimMov>
    <FechaUltMov>2018-04-27T00:00:00-05:00</FechaUltMov>
    <Comentario />
    <ultimoEstatus>PENALIZADO</ultimoEstatus>
    <ultimaOperacion>2</ultimaOperacion>
    <ultimoMovimiento>130</ultimoMovimiento>
    <Descripcion>PENALIZACION APARTADO</Descripcion>
  </CajaAuxiliar>
  <CajaAuxiliar>
    <Folio>A-1959</Folio>
    <Acumulado>300</Acumulado>
    <FechaPrimMov>2018-01-10T00:00:00-06:00</FechaPrimMov>
    <FechaUltMov>2018-04-27T00:00:00-05:00</FechaUltMov>
    <Comentario />
    <ultimoEstatus>PENALIZADO</ultimoEstatus>
    <ultimaOperacion>3</ultimaOperacion>
    <ultimoMovimiento>131</ultimoMovimiento>
    <Descripcion>PENALIZACION APARTADO</Descripcion>
  </CajaAuxiliar>
  <CajaAuxiliar>
    <Folio>A-1961</Folio>
    <Acumulado>0</Acumulado>
    <FechaPrimMov>2018-01-11T00:00:00-06:00</FechaPrimMov>
    <FechaUltMov>2018-02-09T00:00:00-06:00</FechaUltMov>
    <Comentario>R-80029</Comentario>
    <ultimoEstatus>VENDIDO</ultimoEstatus>
    <ultimaOperacion>3</ultimaOperacion>
    <ultimoMovimiento>50</ultimoMovimiento>
    <Descripcion>RETIRO APART REM</Descripcion>
  </CajaAuxiliar>
  <CajaAuxiliar>
    <Folio>A-1962</Folio>
    <Acumulado>190</Acumulado>
    <FechaPrimMov>2018-01-11T00:00:00-06:00</FechaPrimMov>
    <FechaUltMov>2018-04-27T00:00:00-05:00</FechaUltMov>
    <Comentario />
    <ultimoEstatus>PENALIZADO</ultimoEstatus>
    <ultimaOperacion>2</ultimaOperacion>
    <ultimoMovimiento>132</ultimoMovimiento>
    <Descripcion>PENALIZACION APARTADO</Descripcion>
  </CajaAuxiliar>
  <CajaAuxiliar>
    <Folio>A-1963</Folio>
    <Acumulado>0</Acumulado>
    <FechaPrimMov>2018-01-12T00:00:00-06:00</FechaPrimMov>
    <FechaUltMov>2018-01-27T00:00:00-06:00</FechaUltMov>
    <Comentario>R-80018</Comentario>
    <ultimoEstatus>VENDIDO</ultimoEstatus>
    <ultimaOperacion>4</ultimaOperacion>
    <ultimoMovimiento>35</ultimoMovimiento>
    <Descripcion>RETIRO APART REM</Descripcion>
  </CajaAuxiliar>
  <CajaAuxiliar>
    <Folio>A-1964</Folio>
    <Acumulado>0</Acumulado>
    <FechaPrimMov>2018-01-16T00:00:00-06:00</FechaPrimMov>
    <FechaUltMov>2018-01-24T00:00:00-06:00</FechaUltMov>
    <Comentario>R-80016</Comentario>
    <ultimoEstatus>VENDIDO</ultimoEstatus>
    <ultimaOperacion>3</ultimaOperacion>
    <ultimoMovimiento>32</ultimoMovimiento>
    <Descripcion>RETIRO APART REM</Descripcion>
  </CajaAuxiliar>
  <CajaAuxiliar>
    <Folio>A-1965</Folio>
    <Acumulado>0</Acumulado>
    <FechaPrimMov>2018-01-17T00:00:00-06:00</FechaPrimMov>
    <FechaUltMov>2018-01-23T00:00:00-06:00</FechaUltMov>
    <Comentario />
    <ultimoEstatus>CANCELADO</ultimoEstatus>
    <ultimaOperacion>4</ultimaOperacion>
    <ultimoMovimiento>28</ultimoMovimiento>
    <Descripcion>PENALIZACION CANCEL APART</Descripcion>
  </CajaAuxiliar>
  <CajaAuxiliar>
    <Folio>A-1966</Folio>
    <Acumulado>0</Acumulado>
    <FechaPrimMov>2018-01-19T00:00:00-06:00</FechaPrimMov>
    <FechaUltMov>2018-04-02T00:00:00-05:00</FechaUltMov>
    <Comentario />
    <ultimoEstatus>PENALIZADO</ultimoEstatus>
    <ultimaOperacion>6</ultimaOperacion>
    <ultimoMovimiento>107</ultimoMovimiento>
    <Descripcion>PENALIZACION APARTADO</Descripcion>
  </CajaAuxiliar>
  <CajaAuxiliar>
    <Folio>A-1967</Folio>
    <Acumulado>0</Acumulado>
    <FechaPrimMov>2018-01-22T00:00:00-06:00</FechaPrimMov>
    <FechaUltMov>2018-02-10T00:00:00-06:00</FechaUltMov>
    <Comentario>R-80031</Comentario>
    <ultimoEstatus>VENDIDO</ultimoEstatus>
    <ultimaOperacion>3</ultimaOperacion>
    <ultimoMovimiento>54</ultimoMovimiento>
    <Descripcion>RETIRO APART REM</Descripcion>
  </CajaAuxiliar>
  <CajaAuxiliar>
    <Folio>A-1968</Folio>
    <Acumulado>0</Acumulado>
    <FechaPrimMov>2018-01-22T00:00:00-06:00</FechaPrimMov>
    <FechaUltMov>2018-03-20T00:00:00-06:00</FechaUltMov>
    <Comentario>R-80065</Comentario>
    <ultimoEstatus>VENDIDO</ultimoEstatus>
    <ultimaOperacion>5</ultimaOperacion>
    <ultimoMovimiento>95</ultimoMovimiento>
    <Descripcion>RETIRO APART REM</Descripcion>
  </CajaAuxiliar>
  <CajaAuxiliar>
    <Folio>A-1969</Folio>
    <Acumulado>0</Acumulado>
    <FechaPrimMov>2018-01-24T00:00:00-06:00</FechaPrimMov>
    <FechaUltMov>2018-02-19T00:00:00-06:00</FechaUltMov>
    <Comentario>R-80046</Comentario>
    <ultimoEstatus>VENDIDO</ultimoEstatus>
    <ultimaOperacion>3</ultimaOperacion>
    <ultimoMovimiento>76</ultimoMovimiento>
    <Descripcion>RETIRO APART REM</Descripcion>
  </CajaAuxiliar>
  <CajaAuxiliar>
    <Folio>A-1970</Folio>
    <Acumulado>0</Acumulado>
    <FechaPrimMov>2018-02-02T00:00:00-06:00</FechaPrimMov>
    <FechaUltMov>2018-02-15T00:00:00-06:00</FechaUltMov>
    <Comentario>R-80038</Comentario>
    <ultimoEstatus>VENDIDO</ultimoEstatus>
    <ultimaOperacion>3</ultimaOperacion>
    <ultimoMovimiento>64</ultimoMovimiento>
    <Descripcion>RETIRO APART REM</Descripcion>
  </CajaAuxiliar>
  <CajaAuxiliar>
    <Folio>A-1971</Folio>
    <Acumulado>0</Acumulado>
    <FechaPrimMov>2018-02-02T00:00:00-06:00</FechaPrimMov>
    <FechaUltMov>2018-02-16T00:00:00-06:00</FechaUltMov>
    <Comentario>R-80042</Comentario>
    <ultimoEstatus>VENDIDO</ultimoEstatus>
    <ultimaOperacion>3</ultimaOperacion>
    <ultimoMovimiento>68</ultimoMovimiento>
    <Descripcion>RETIRO APART REM</Descripcion>
  </CajaAuxiliar>
  <CajaAuxiliar>
    <Folio>A-1972</Folio>
    <Acumulado>0</Acumulado>
    <FechaPrimMov>2018-02-06T00:00:00-06:00</FechaPrimMov>
    <FechaUltMov>2018-02-17T00:00:00-06:00</FechaUltMov>
    <Comentario>R-80045</Comentario>
    <ultimoEstatus>VENDIDO</ultimoEstatus>
    <ultimaOperacion>4</ultimaOperacion>
    <ultimoMovimiento>74</ultimoMovimiento>
    <Descripcion>RETIRO APART REM</Descripcion>
  </CajaAuxiliar>
  <CajaAuxiliar>
    <Folio>A-1973</Folio>
    <Acumulado>0</Acumulado>
    <FechaPrimMov>2018-02-06T00:00:00-06:00</FechaPrimMov>
    <FechaUltMov>2018-02-15T00:00:00-06:00</FechaUltMov>
    <Comentario>R-80036</Comentario>
    <ultimoEstatus>VENDIDO</ultimoEstatus>
    <ultimaOperacion>3</ultimaOperacion>
    <ultimoMovimiento>60</ultimoMovimiento>
    <Descripcion>RETIRO APART REM</Descripcion>
  </CajaAuxiliar>
  <CajaAuxiliar>
    <Folio>A-1974</Folio>
    <Acumulado>0</Acumulado>
    <FechaPrimMov>2018-02-09T00:00:00-06:00</FechaPrimMov>
    <FechaUltMov>2018-02-09T00:00:00-06:00</FechaUltMov>
    <Comentario>R-80030</Comentario>
    <ultimoEstatus>VENDIDO</ultimoEstatus>
    <ultimaOperacion>3</ultimaOperacion>
    <ultimoMovimiento>52</ultimoMovimiento>
    <Descripcion>RETIRO APART REM</Descripcion>
  </CajaAuxiliar>
  <CajaAuxiliar>
    <Folio>A-1975</Folio>
    <Acumulado>0</Acumulado>
    <FechaPrimMov>2018-02-07T00:00:00-06:00</FechaPrimMov>
    <FechaUltMov>2018-04-09T00:00:00-05:00</FechaUltMov>
    <Comentario>R-80078</Comentario>
    <ultimoEstatus>VENDIDO</ultimoEstatus>
    <ultimaOperacion>4</ultimaOperacion>
    <ultimoMovimiento>112</ultimoMovimiento>
    <Descripcion>RETIRO APART REM</Descripcion>
  </CajaAuxiliar>
  <CajaAuxiliar>
    <Folio>A-1977</Folio>
    <Acumulado>0</Acumulado>
    <FechaPrimMov>2018-02-10T00:00:00-06:00</FechaPrimMov>
    <FechaUltMov>2018-02-22T00:00:00-06:00</FechaUltMov>
    <Comentario>R-80049</Comentario>
    <ultimoEstatus>VENDIDO</ultimoEstatus>
    <ultimaOperacion>3</ultimaOperacion>
    <ultimoMovimiento>80</ultimoMovimiento>
    <Descripcion>RETIRO APART REM</Descripcion>
  </CajaAuxiliar>
  <CajaAuxiliar>
    <Folio>A-1978</Folio>
    <Acumulado>0</Acumulado>
    <FechaPrimMov>2018-02-14T00:00:00-06:00</FechaPrimMov>
    <FechaUltMov>2018-03-21T00:00:00-06:00</FechaUltMov>
    <Comentario>R-80068</Comentario>
    <ultimoEstatus>VENDIDO</ultimoEstatus>
    <ultimaOperacion>3</ultimaOperacion>
    <ultimoMovimiento>98</ultimoMovimiento>
    <Descripcion>RETIRO APART REM</Descripcion>
  </CajaAuxiliar>
  <CajaAuxiliar>
    <Folio>A-1979</Folio>
    <Acumulado>0</Acumulado>
    <FechaPrimMov>2018-02-14T00:00:00-06:00</FechaPrimMov>
    <FechaUltMov>2018-02-17T00:00:00-06:00</FechaUltMov>
    <Comentario>R-80043</Comentario>
    <ultimoEstatus>VENDIDO</ultimoEstatus>
    <ultimaOperacion>4</ultimaOperacion>
    <ultimoMovimiento>70</ultimoMovimiento>
    <Descripcion>RETIRO APART REM</Descripcion>
  </CajaAuxiliar>
  <CajaAuxiliar>
    <Folio>A-1980</Folio>
    <Acumulado>209</Acumulado>
    <FechaPrimMov>2018-03-06T00:00:00-06:00</FechaPrimMov>
    <FechaUltMov>2018-06-02T00:00:00-05:00</FechaUltMov>
    <Comentario />
    <ultimoEstatus>PENALIZADO</ultimoEstatus>
    <ultimaOperacion>2</ultimaOperacion>
    <ultimoMovimiento>196</ultimoMovimiento>
    <Descripcion>PENALIZACION APARTADO</Descripcion>
  </CajaAuxiliar>
  <CajaAuxiliar>
    <Folio>A-1981</Folio>
    <Acumulado>0</Acumulado>
    <FechaPrimMov>2018-03-07T00:00:00-06:00</FechaPrimMov>
    <FechaUltMov>2018-05-02T00:00:00-05:00</FechaUltMov>
    <Comentario>R-80090</Comentario>
    <ultimoEstatus>VENDIDO</ultimoEstatus>
    <ultimaOperacion>4</ultimaOperacion>
    <ultimoMovimiento>136</ultimoMovimiento>
    <Descripcion>RETIRO APART REM</Descripcion>
  </CajaAuxiliar>
  <CajaAuxiliar>
    <Folio>A-1982</Folio>
    <Acumulado>0</Acumulado>
    <FechaPrimMov>2018-03-13T00:00:00-06:00</FechaPrimMov>
    <FechaUltMov>2018-05-12T00:00:00-05:00</FechaUltMov>
    <Comentario>R-80106</Comentario>
    <ultimoEstatus>VENDIDO</ultimoEstatus>
    <ultimaOperacion>7</ultimaOperacion>
    <ultimoMovimiento>157</ultimoMovimiento>
    <Descripcion>RETIRO APART REM</Descripcion>
  </CajaAuxiliar>
  <CajaAuxiliar>
    <Folio>A-1983</Folio>
    <Acumulado>0</Acumulado>
    <FechaPrimMov>2018-03-16T00:00:00-06:00</FechaPrimMov>
    <FechaUltMov>2018-04-16T00:00:00-05:00</FechaUltMov>
    <Comentario>R-80084</Comentario>
    <ultimoEstatus>VENDIDO</ultimoEstatus>
    <ultimaOperacion>4</ultimaOperacion>
    <ultimoMovimiento>117</ultimoMovimiento>
    <Descripcion>RETIRO APART REM</Descripcion>
  </CajaAuxiliar>
  <CajaAuxiliar>
    <Folio>A-1984</Folio>
    <Acumulado>0</Acumulado>
    <FechaPrimMov>2018-04-07T00:00:00-05:00</FechaPrimMov>
    <FechaUltMov>2018-05-08T00:00:00-05:00</FechaUltMov>
    <Comentario>R-80097</Comentario>
    <ultimoEstatus>VENDIDO</ultimoEstatus>
    <ultimaOperacion>3</ultimaOperacion>
    <ultimoMovimiento>146</ultimoMovimiento>
    <Descripcion>RETIRO APART REM</Descripcion>
  </CajaAuxiliar>
  <CajaAuxiliar>
    <Folio>A-1985</Folio>
    <Acumulado>0</Acumulado>
    <FechaPrimMov>2018-04-10T00:00:00-05:00</FechaPrimMov>
    <FechaUltMov>2018-05-24T00:00:00-05:00</FechaUltMov>
    <Comentario>R-80115</Comentario>
    <ultimoEstatus>VENDIDO</ultimoEstatus>
    <ultimaOperacion>3</ultimaOperacion>
    <ultimoMovimiento>182</ultimoMovimiento>
    <Descripcion>RETIRO APART REM</Descripcion>
  </CajaAuxiliar>
  <CajaAuxiliar>
    <Folio>A-1986</Folio>
    <Acumulado>0</Acumulado>
    <FechaPrimMov>2018-04-20T00:00:00-05:00</FechaPrimMov>
    <FechaUltMov>2018-06-15T00:00:00-05:00</FechaUltMov>
    <Comentario>R-80121</Comentario>
    <ultimoEstatus>VENDIDO</ultimoEstatus>
    <ultimaOperacion>3</ultimaOperacion>
    <ultimoMovimiento>208</ultimoMovimiento>
    <Descripcion>RETIRO APART REM</Descripcion>
  </CajaAuxiliar>
  <CajaAuxiliar>
    <Folio>A-1987</Folio>
    <Acumulado>-1</Acumulado>
    <FechaPrimMov>2018-04-20T00:00:00-05:00</FechaPrimMov>
    <FechaUltMov>2018-05-09T00:00:00-05:00</FechaUltMov>
    <Comentario>R-80100</Comentario>
    <ultimoEstatus>VENDIDO</ultimoEstatus>
    <ultimaOperacion>3</ultimaOperacion>
    <ultimoMovimiento>150</ultimoMovimiento>
    <Descripcion>RETIRO APART REM</Descripcion>
  </CajaAuxiliar>
  <CajaAuxiliar>
    <Folio>A-1988</Folio>
    <Acumulado>0</Acumulado>
    <FechaPrimMov>2018-04-21T00:00:00-05:00</FechaPrimMov>
    <FechaUltMov>2018-05-19T00:00:00-05:00</FechaUltMov>
    <Comentario>R-80112</Comentario>
    <ultimoEstatus>VENDIDO</ultimoEstatus>
    <ultimaOperacion>4</ultimaOperacion>
    <ultimoMovimiento>169</ultimoMovimiento>
    <Descripcion>RETIRO APART REM</Descripcion>
  </CajaAuxiliar>
  <CajaAuxiliar>
    <Folio>A-1989</Folio>
    <Acumulado>0</Acumulado>
    <FechaPrimMov>2018-04-24T00:00:00-05:00</FechaPrimMov>
    <FechaUltMov>2018-06-25T00:00:00-05:00</FechaUltMov>
    <Comentario>R-80128</Comentario>
    <ultimoEstatus>VENDIDO</ultimoEstatus>
    <ultimaOperacion>3</ultimaOperacion>
    <ultimoMovimiento>223</ultimoMovimiento>
    <Descripcion>RETIRO APART REM</Descripcion>
  </CajaAuxiliar>
  <CajaAuxiliar>
    <Folio>A-1990</Folio>
    <Acumulado>0</Acumulado>
    <FechaPrimMov>2018-05-07T00:00:00-05:00</FechaPrimMov>
    <FechaUltMov>2018-05-08T00:00:00-05:00</FechaUltMov>
    <Comentario>R-80098</Comentario>
    <ultimoEstatus>VENDIDO</ultimoEstatus>
    <ultimaOperacion>3</ultimaOperacion>
    <ultimoMovimiento>148</ultimoMovimiento>
    <Descripcion>RETIRO APART REM</Descripcion>
  </CajaAuxiliar>
  <CajaAuxiliar>
    <Folio>A-1991</Folio>
    <Acumulado>0</Acumulado>
    <FechaPrimMov>2018-05-11T00:00:00-05:00</FechaPrimMov>
    <FechaUltMov>2018-05-19T00:00:00-05:00</FechaUltMov>
    <Comentario>R-80113</Comentario>
    <ultimoEstatus>VENDIDO</ultimoEstatus>
    <ultimaOperacion>3</ultimaOperacion>
    <ultimoMovimiento>171</ultimoMovimiento>
    <Descripcion>RETIRO APART REM</Descripcion>
  </CajaAuxiliar>
  <CajaAuxiliar>
    <Folio>A-1992</Folio>
    <Acumulado>0</Acumulado>
    <FechaPrimMov>2018-05-11T00:00:00-05:00</FechaPrimMov>
    <FechaUltMov>2018-05-15T00:00:00-05:00</FechaUltMov>
    <Comentario>R-80109</Comentario>
    <ultimoEstatus>APARTADO</ultimoEstatus>
    <ultimaOperacion>3</ultimaOperacion>
    <ultimoMovimiento>163</ultimoMovimiento>
    <Descripcion>RETIRO APART REM</Descripcion>
  </CajaAuxiliar>
  <CajaAuxiliar>
    <Folio>A-1993</Folio>
    <Acumulado>0</Acumulado>
    <FechaPrimMov>2018-05-11T00:00:00-05:00</FechaPrimMov>
    <FechaUltMov>2018-05-15T00:00:00-05:00</FechaUltMov>
    <Comentario>R-80108</Comentario>
    <ultimoEstatus>VENDIDO</ultimoEstatus>
    <ultimaOperacion>3</ultimaOperacion>
    <ultimoMovimiento>161</ultimoMovimiento>
    <Descripcion>RETIRO APART REM</Descripcion>
  </CajaAuxiliar>
  <CajaAuxiliar>
    <Folio>A-1994</Folio>
    <Acumulado>0</Acumulado>
    <FechaPrimMov>2018-02-06T00:00:00-06:00</FechaPrimMov>
    <FechaUltMov>2018-02-16T00:00:00-06:00</FechaUltMov>
    <Comentario>R-80041</Comentario>
    <ultimoEstatus>VENDIDO</ultimoEstatus>
    <ultimaOperacion>3</ultimaOperacion>
    <ultimoMovimiento>66</ultimoMovimiento>
    <Descripcion>RETIRO APART REM</Descripcion>
  </CajaAuxiliar>
  <CajaAuxiliar>
    <Folio>A-1995</Folio>
    <Acumulado>0</Acumulado>
    <FechaPrimMov>2018-05-14T00:00:00-05:00</FechaPrimMov>
    <FechaUltMov>2018-05-17T00:00:00-05:00</FechaUltMov>
    <Comentario>R-80111</Comentario>
    <ultimoEstatus>VENDIDO</ultimoEstatus>
    <ultimaOperacion>3</ultimaOperacion>
    <ultimoMovimiento>166</ultimoMovimiento>
    <Descripcion>RETIRO APART REM</Descripcion>
  </CajaAuxiliar>
  <CajaAuxiliar>
    <Folio>A-1996</Folio>
    <Acumulado>0</Acumulado>
    <FechaPrimMov>2018-05-14T00:00:00-05:00</FechaPrimMov>
    <FechaUltMov>2018-07-13T00:00:00-05:00</FechaUltMov>
    <Comentario>R-80134</Comentario>
    <ultimoEstatus>VENDIDO</ultimoEstatus>
    <ultimaOperacion>3</ultimaOperacion>
    <ultimoMovimiento>244</ultimoMovimiento>
    <Descripcion>RETIRO APART REM</Descripcion>
  </CajaAuxiliar>
  <CajaAuxiliar>
    <Folio>A-1997</Folio>
    <Acumulado>0</Acumulado>
    <FechaPrimMov>2018-05-21T00:00:00-05:00</FechaPrimMov>
    <FechaUltMov>2018-06-08T00:00:00-05:00</FechaUltMov>
    <Comentario>R-80118</Comentario>
    <ultimoEstatus>VENDIDO</ultimoEstatus>
    <ultimaOperacion>3</ultimaOperacion>
    <ultimoMovimiento>202</ultimoMovimiento>
    <Descripcion>RETIRO APART REM</Descripcion>
  </CajaAuxiliar>
  <CajaAuxiliar>
    <Folio>A-1998</Folio>
    <Acumulado>0</Acumulado>
    <FechaPrimMov>2018-05-21T00:00:00-05:00</FechaPrimMov>
    <FechaUltMov>2018-05-24T00:00:00-05:00</FechaUltMov>
    <Comentario>R-80114</Comentario>
    <ultimoEstatus>VENDIDO</ultimoEstatus>
    <ultimaOperacion>3</ultimaOperacion>
    <ultimoMovimiento>180</ultimoMovimiento>
    <Descripcion>RETIRO APART REM</Descripcion>
  </CajaAuxiliar>
  <CajaAuxiliar>
    <Folio>A-1999</Folio>
    <Acumulado>0</Acumulado>
    <FechaPrimMov>2018-05-21T00:00:00-05:00</FechaPrimMov>
    <FechaUltMov>2018-07-20T00:00:00-05:00</FechaUltMov>
    <Comentario>R-80135</Comentario>
    <ultimoEstatus>VENDIDO</ultimoEstatus>
    <ultimaOperacion>4</ultimaOperacion>
    <ultimoMovimiento>255</ultimoMovimiento>
    <Descripcion>RETIRO APART REM</Descripcion>
  </CajaAuxiliar>
  <CajaAuxiliar>
    <Folio>A-2000</Folio>
    <Acumulado>0</Acumulado>
    <FechaPrimMov>2018-05-22T00:00:00-05:00</FechaPrimMov>
    <FechaUltMov>2018-06-06T00:00:00-05:00</FechaUltMov>
    <Comentario>R-80117</Comentario>
    <ultimoEstatus>VENDIDO</ultimoEstatus>
    <ultimaOperacion>3</ultimaOperacion>
    <ultimoMovimiento>200</ultimoMovimiento>
    <Descripcion>RETIRO APART REM</Descripcion>
  </CajaAuxiliar>
  <CajaAuxiliar>
    <Folio>A-2001</Folio>
    <Acumulado>0</Acumulado>
    <FechaPrimMov>2018-06-05T00:00:00-05:00</FechaPrimMov>
    <FechaUltMov>2018-06-18T00:00:00-05:00</FechaUltMov>
    <Comentario>R-80122</Comentario>
    <ultimoEstatus>VENDIDO</ultimoEstatus>
    <ultimaOperacion>3</ultimaOperacion>
    <ultimoMovimiento>213</ultimoMovimiento>
    <Descripcion>RETIRO APART REM</Descripcion>
  </CajaAuxiliar>
  <CajaAuxiliar>
    <Folio>A-2002</Folio>
    <Acumulado>0</Acumulado>
    <FechaPrimMov>2018-06-19T00:00:00-05:00</FechaPrimMov>
    <FechaUltMov>2018-06-21T00:00:00-05:00</FechaUltMov>
    <Comentario>R-80124</Comentario>
    <ultimoEstatus>VENDIDO</ultimoEstatus>
    <ultimaOperacion>3</ultimaOperacion>
    <ultimoMovimiento>218</ultimoMovimiento>
    <Descripcion>RETIRO APART REM</Descripcion>
  </CajaAuxiliar>
  <CajaAuxiliar>
    <Folio>A-2003</Folio>
    <Acumulado>0</Acumulado>
    <FechaPrimMov>2018-06-22T00:00:00-05:00</FechaPrimMov>
    <FechaUltMov>2018-07-09T00:00:00-05:00</FechaUltMov>
    <Comentario>R-80133</Comentario>
    <ultimoEstatus>VENDIDO</ultimoEstatus>
    <ultimaOperacion>3</ultimaOperacion>
    <ultimoMovimiento>239</ultimoMovimiento>
    <Descripcion>RETIRO APART REM</Descripcion>
  </CajaAuxiliar>
  <CajaAuxiliar>
    <Folio>A-2004</Folio>
    <Acumulado>0</Acumulado>
    <FechaPrimMov>2018-06-28T00:00:00-05:00</FechaPrimMov>
    <FechaUltMov>2018-07-09T00:00:00-05:00</FechaUltMov>
    <Comentario>R-80132</Comentario>
    <ultimoEstatus>VENDIDO</ultimoEstatus>
    <ultimaOperacion>4</ultimaOperacion>
    <ultimoMovimiento>237</ultimoMovimiento>
    <Descripcion>RETIRO APART REM</Descripcion>
  </CajaAuxiliar>
  <CajaAuxiliar>
    <Folio>A-2005</Folio>
    <Acumulado>110</Acumulado>
    <FechaPrimMov>2018-06-30T00:00:00-05:00</FechaPrimMov>
    <FechaUltMov>2018-10-20T00:00:00-05:00</FechaUltMov>
    <Comentario />
    <ultimoEstatus>PENALIZADO</ultimoEstatus>
    <ultimaOperacion>2</ultimaOperacion>
    <ultimoMovimiento>411</ultimoMovimiento>
    <Descripcion>PENALIZACION APARTADO</Descripcion>
  </CajaAuxiliar>
  <CajaAuxiliar>
    <Folio>A-2006</Folio>
    <Acumulado>0</Acumulado>
    <FechaPrimMov>2018-07-03T00:00:00-05:00</FechaPrimMov>
    <FechaUltMov>2018-08-20T00:00:00-05:00</FechaUltMov>
    <Comentario>R-80143</Comentario>
    <ultimoEstatus>VENDIDO</ultimoEstatus>
    <ultimaOperacion>5</ultimaOperacion>
    <ultimoMovimiento>289</ultimoMovimiento>
    <Descripcion>RETIRO APART REM</Descripcion>
  </CajaAuxiliar>
  <CajaAuxiliar>
    <Folio>A-2007</Folio>
    <Acumulado>0</Acumulado>
    <FechaPrimMov>2018-07-04T00:00:00-05:00</FechaPrimMov>
    <FechaUltMov>2018-08-21T00:00:00-05:00</FechaUltMov>
    <Comentario>R-80144</Comentario>
    <ultimoEstatus>VENDIDO</ultimoEstatus>
    <ultimaOperacion>4</ultimaOperacion>
    <ultimoMovimiento>291</ultimoMovimiento>
    <Descripcion>RETIRO APART REM</Descripcion>
  </CajaAuxiliar>
  <CajaAuxiliar>
    <Folio>A-2008</Folio>
    <Acumulado>0</Acumulado>
    <FechaPrimMov>2018-07-06T00:00:00-05:00</FechaPrimMov>
    <FechaUltMov>2018-07-21T00:00:00-05:00</FechaUltMov>
    <Comentario>R-80136</Comentario>
    <ultimoEstatus>VENDIDO</ultimoEstatus>
    <ultimaOperacion>3</ultimaOperacion>
    <ultimoMovimiento>257</ultimoMovimiento>
    <Descripcion>RETIRO APART REM</Descripcion>
  </CajaAuxiliar>
  <CajaAuxiliar>
    <Folio>A-2009</Folio>
    <Acumulado>0</Acumulado>
    <FechaPrimMov>2018-07-07T00:00:00-05:00</FechaPrimMov>
    <FechaUltMov>2018-07-23T00:00:00-05:00</FechaUltMov>
    <Comentario>R-80138</Comentario>
    <ultimoEstatus>VENDIDO</ultimoEstatus>
    <ultimaOperacion>3</ultimaOperacion>
    <ultimoMovimiento>261</ultimoMovimiento>
    <Descripcion>RETIRO APART REM</Descripcion>
  </CajaAuxiliar>
  <CajaAuxiliar>
    <Folio>A-2010</Folio>
    <Acumulado>0</Acumulado>
    <FechaPrimMov>2018-07-20T00:00:00-05:00</FechaPrimMov>
    <FechaUltMov>2018-09-06T00:00:00-05:00</FechaUltMov>
    <Comentario>R-80154</Comentario>
    <ultimoEstatus>VENDIDO</ultimoEstatus>
    <ultimaOperacion>4</ultimaOperacion>
    <ultimoMovimiento>324</ultimoMovimiento>
    <Descripcion>RETIRO APART REM</Descripcion>
  </CajaAuxiliar>
  <CajaAuxiliar>
    <Folio>A-2011</Folio>
    <Acumulado>0</Acumulado>
    <FechaPrimMov>2018-07-30T00:00:00-05:00</FechaPrimMov>
    <FechaUltMov>2018-09-26T00:00:00-05:00</FechaUltMov>
    <Comentario>R-80167</Comentario>
    <ultimoEstatus>VENDIDO</ultimoEstatus>
    <ultimaOperacion>3</ultimaOperacion>
    <ultimoMovimiento>363</ultimoMovimiento>
    <Descripcion>RETIRO APART REM</Descripcion>
  </CajaAuxiliar>
  <CajaAuxiliar>
    <Folio>A-2012</Folio>
    <Acumulado>0</Acumulado>
    <FechaPrimMov>2018-07-30T00:00:00-05:00</FechaPrimMov>
    <FechaUltMov>2018-07-31T00:00:00-05:00</FechaUltMov>
    <Comentario>R-80139</Comentario>
    <ultimoEstatus>VENDIDO</ultimoEstatus>
    <ultimaOperacion>3</ultimaOperacion>
    <ultimoMovimiento>268</ultimoMovimiento>
    <Descripcion>RETIRO APART REM</Descripcion>
  </CajaAuxiliar>
  <CajaAuxiliar>
    <Folio>A-2013</Folio>
    <Acumulado>0</Acumulado>
    <FechaPrimMov>2018-08-01T00:00:00-05:00</FechaPrimMov>
    <FechaUltMov>2018-08-27T00:00:00-05:00</FechaUltMov>
    <Comentario>R-80146</Comentario>
    <ultimoEstatus>VENDIDO</ultimoEstatus>
    <ultimaOperacion>3</ultimaOperacion>
    <ultimoMovimiento>299</ultimoMovimiento>
    <Descripcion>RETIRO APART REM</Descripcion>
  </CajaAuxiliar>
  <CajaAuxiliar>
    <Folio>A-2014</Folio>
    <Acumulado>0</Acumulado>
    <FechaPrimMov>2018-08-01T00:00:00-05:00</FechaPrimMov>
    <FechaUltMov>2018-08-24T00:00:00-05:00</FechaUltMov>
    <Comentario>R-80145</Comentario>
    <ultimoEstatus>VENDIDO</ultimoEstatus>
    <ultimaOperacion>4</ultimaOperacion>
    <ultimoMovimiento>296</ultimoMovimiento>
    <Descripcion>RETIRO APART REM</Descripcion>
  </CajaAuxiliar>
  <CajaAuxiliar>
    <Folio>A-2015</Folio>
    <Acumulado>0</Acumulado>
    <FechaPrimMov>2018-08-15T00:00:00-05:00</FechaPrimMov>
    <FechaUltMov>2018-10-11T00:00:00-05:00</FechaUltMov>
    <Comentario>R-80175</Comentario>
    <ultimoEstatus>VENDIDO</ultimoEstatus>
    <ultimaOperacion>11</ultimaOperacion>
    <ultimoMovimiento>400</ultimoMovimiento>
    <Descripcion>RETIRO APART REM</Descripcion>
  </CajaAuxiliar>
  <CajaAuxiliar>
    <Folio>A-2016</Folio>
    <Acumulado>0</Acumulado>
    <FechaPrimMov>2018-08-15T00:00:00-05:00</FechaPrimMov>
    <FechaUltMov>2018-10-13T00:00:00-05:00</FechaUltMov>
    <Comentario>R-80176</Comentario>
    <ultimoEstatus>VENDIDO</ultimoEstatus>
    <ultimaOperacion>6</ultimaOperacion>
    <ultimoMovimiento>402</ultimoMovimiento>
    <Descripcion>RETIRO APART REM</Descripcion>
  </CajaAuxiliar>
  <CajaAuxiliar>
    <Folio>A-2017</Folio>
    <Acumulado>0</Acumulado>
    <FechaPrimMov>2018-08-28T00:00:00-05:00</FechaPrimMov>
    <FechaUltMov>2018-09-12T00:00:00-05:00</FechaUltMov>
    <Comentario>R-80160</Comentario>
    <ultimoEstatus>VENDIDO</ultimoEstatus>
    <ultimaOperacion>3</ultimaOperacion>
    <ultimoMovimiento>339</ultimoMovimiento>
    <Descripcion>RETIRO APART REM</Descripcion>
  </CajaAuxiliar>
  <CajaAuxiliar>
    <Folio>A-2018</Folio>
    <Acumulado>0</Acumulado>
    <FechaPrimMov>2018-08-28T00:00:00-05:00</FechaPrimMov>
    <FechaUltMov>2018-10-27T00:00:00-05:00</FechaUltMov>
    <Comentario>R-80185</Comentario>
    <ultimoEstatus>VENDIDO</ultimoEstatus>
    <ultimaOperacion>4</ultimaOperacion>
    <ultimoMovimiento>431</ultimoMovimiento>
    <Descripcion>RETIRO APART REM</Descripcion>
  </CajaAuxiliar>
  <CajaAuxiliar>
    <Folio>A-2019</Folio>
    <Acumulado>0</Acumulado>
    <FechaPrimMov>2018-08-29T00:00:00-05:00</FechaPrimMov>
    <FechaUltMov>2018-10-23T00:00:00-05:00</FechaUltMov>
    <Comentario>R-80182</Comentario>
    <ultimoEstatus>VENDIDO</ultimoEstatus>
    <ultimaOperacion>5</ultimaOperacion>
    <ultimoMovimiento>418</ultimoMovimiento>
    <Descripcion>RETIRO APART REM</Descripcion>
  </CajaAuxiliar>
  <CajaAuxiliar>
    <Folio>A-2020</Folio>
    <Acumulado>0</Acumulado>
    <FechaPrimMov>2018-09-03T00:00:00-05:00</FechaPrimMov>
    <FechaUltMov>2018-09-10T00:00:00-05:00</FechaUltMov>
    <Comentario>R-80159</Comentario>
    <ultimoEstatus>VENDIDO</ultimoEstatus>
    <ultimaOperacion>3</ultimaOperacion>
    <ultimoMovimiento>332</ultimoMovimiento>
    <Descripcion>RETIRO APART REM</Descripcion>
  </CajaAuxiliar>
  <CajaAuxiliar>
    <Folio>A-2021</Folio>
    <Acumulado>0</Acumulado>
    <FechaPrimMov>2018-09-04T00:00:00-05:00</FechaPrimMov>
    <FechaUltMov>2018-09-14T00:00:00-05:00</FechaUltMov>
    <Comentario>R-80163</Comentario>
    <ultimoEstatus>VENDIDO</ultimoEstatus>
    <ultimaOperacion>3</ultimaOperacion>
    <ultimoMovimiento>347</ultimoMovimiento>
    <Descripcion>RETIRO APART REM</Descripcion>
  </CajaAuxiliar>
  <CajaAuxiliar>
    <Folio>A-2022</Folio>
    <Acumulado>0</Acumulado>
    <FechaPrimMov>2018-09-05T00:00:00-05:00</FechaPrimMov>
    <FechaUltMov>2018-09-15T00:00:00-05:00</FechaUltMov>
    <Comentario>R-80164</Comentario>
    <ultimoEstatus>VENDIDO</ultimoEstatus>
    <ultimaOperacion>3</ultimaOperacion>
    <ultimoMovimiento>350</ultimoMovimiento>
    <Descripcion>RETIRO APART REM</Descripcion>
  </CajaAuxiliar>
  <CajaAuxiliar>
    <Folio>A-2023</Folio>
    <Acumulado>-1</Acumulado>
    <FechaPrimMov>2018-09-05T00:00:00-05:00</FechaPrimMov>
    <FechaUltMov>2018-09-19T00:00:00-05:00</FechaUltMov>
    <Comentario />
    <ultimoEstatus>CANCELADO</ultimoEstatus>
    <ultimaOperacion>4</ultimaOperacion>
    <ultimoMovimiento>356</ultimoMovimiento>
    <Descripcion>PENALIZACION CANCEL APART</Descripcion>
  </CajaAuxiliar>
  <CajaAuxiliar>
    <Folio>A-2024</Folio>
    <Acumulado>0</Acumulado>
    <FechaPrimMov>2018-09-07T00:00:00-05:00</FechaPrimMov>
    <FechaUltMov>2018-09-10T00:00:00-05:00</FechaUltMov>
    <Comentario>R-80158</Comentario>
    <ultimoEstatus>VENDIDO</ultimoEstatus>
    <ultimaOperacion>3</ultimaOperacion>
    <ultimoMovimiento>330</ultimoMovimiento>
    <Descripcion>RETIRO APART REM</Descripcion>
  </CajaAuxiliar>
  <CajaAuxiliar>
    <Folio>A-2025</Folio>
    <Acumulado>500</Acumulado>
    <FechaPrimMov>2018-09-08T00:00:00-05:00</FechaPrimMov>
    <FechaUltMov>2018-09-08T00:00:00-05:00</FechaUltMov>
    <Comentario />
    <ultimoEstatus>APARTADO</ultimoEstatus>
    <ultimaOperacion>1</ultimaOperacion>
    <ultimoMovimiento>327</ultimoMovimiento>
    <Descripcion>APARTADO</Descripcion>
  </CajaAuxiliar>
  <CajaAuxiliar>
    <Folio>A-2026</Folio>
    <Acumulado>579</Acumulado>
    <FechaPrimMov>2018-09-12T00:00:00-05:00</FechaPrimMov>
    <FechaUltMov>2018-10-16T00:00:00-05:00</FechaUltMov>
    <Comentario />
    <ultimoEstatus>APARTADO</ultimoEstatus>
    <ultimaOperacion>2</ultimaOperacion>
    <ultimoMovimiento>405</ultimoMovimiento>
    <Descripcion>APARTADO</Descripcion>
  </CajaAuxiliar>
  <CajaAuxiliar>
    <Folio>A-2027</Folio>
    <Acumulado>500</Acumulado>
    <FechaPrimMov>2018-09-13T00:00:00-05:00</FechaPrimMov>
    <FechaUltMov>2018-09-13T00:00:00-05:00</FechaUltMov>
    <Comentario />
    <ultimoEstatus>APARTADO</ultimoEstatus>
    <ultimaOperacion>1</ultimaOperacion>
    <ultimoMovimiento>340</ultimoMovimiento>
    <Descripcion>APARTADO</Descripcion>
  </CajaAuxiliar>
  <CajaAuxiliar>
    <Folio>A-2028</Folio>
    <Acumulado>0</Acumulado>
    <FechaPrimMov>2018-09-14T00:00:00-05:00</FechaPrimMov>
    <FechaUltMov>2018-09-14T00:00:00-05:00</FechaUltMov>
    <Comentario>R-80162</Comentario>
    <ultimoEstatus>VENDIDO</ultimoEstatus>
    <ultimaOperacion>3</ultimaOperacion>
    <ultimoMovimiento>345</ultimoMovimiento>
    <Descripcion>RETIRO APART REM</Descripcion>
  </CajaAuxiliar>
  <CajaAuxiliar>
    <Folio>A-2029</Folio>
    <Acumulado>0</Acumulado>
    <FechaPrimMov>2018-09-17T00:00:00-05:00</FechaPrimMov>
    <FechaUltMov>2018-10-02T00:00:00-05:00</FechaUltMov>
    <Comentario>R-80172</Comentario>
    <ultimoEstatus>VENDIDO</ultimoEstatus>
    <ultimaOperacion>3</ultimaOperacion>
    <ultimoMovimiento>385</ultimoMovimiento>
    <Descripcion>RETIRO APART REM</Descripcion>
  </CajaAuxiliar>
  <CajaAuxiliar>
    <Folio>A-2030</Folio>
    <Acumulado>520</Acumulado>
    <FechaPrimMov>2018-09-20T00:00:00-05:00</FechaPrimMov>
    <FechaUltMov>2018-09-20T00:00:00-05:00</FechaUltMov>
    <Comentario />
    <ultimoEstatus>APARTADO</ultimoEstatus>
    <ultimaOperacion>1</ultimaOperacion>
    <ultimoMovimiento>358</ultimoMovimiento>
    <Descripcion>APARTADO</Descripcion>
  </CajaAuxiliar>
  <CajaAuxiliar>
    <Folio>A-2031</Folio>
    <Acumulado>0</Acumulado>
    <FechaPrimMov>2018-09-25T00:00:00-05:00</FechaPrimMov>
    <FechaUltMov>2018-09-26T00:00:00-05:00</FechaUltMov>
    <Comentario>R-80168</Comentario>
    <ultimoEstatus>VENDIDO</ultimoEstatus>
    <ultimaOperacion>3</ultimaOperacion>
    <ultimoMovimiento>366</ultimoMovimiento>
    <Descripcion>RETIRO APART REM</Descripcion>
  </CajaAuxiliar>
  <CajaAuxiliar>
    <Folio>A-2032</Folio>
    <Acumulado>0</Acumulado>
    <FechaPrimMov>2018-09-26T00:00:00-05:00</FechaPrimMov>
    <FechaUltMov>2018-10-26T00:00:00-05:00</FechaUltMov>
    <Comentario>R-80184</Comentario>
    <ultimoEstatus>VENDIDO</ultimoEstatus>
    <ultimaOperacion>3</ultimaOperacion>
    <ultimoMovimiento>427</ultimoMovimiento>
    <Descripcion>RETIRO APART REM</Descripcion>
  </CajaAuxiliar>
  <CajaAuxiliar>
    <Folio>A-2033</Folio>
    <Acumulado>0</Acumulado>
    <FechaPrimMov>2018-09-27T00:00:00-05:00</FechaPrimMov>
    <FechaUltMov>2018-10-08T00:00:00-05:00</FechaUltMov>
    <Comentario>R-80173</Comentario>
    <ultimoEstatus>VENDIDO</ultimoEstatus>
    <ultimaOperacion>4</ultimaOperacion>
    <ultimoMovimiento>391</ultimoMovimiento>
    <Descripcion>RETIRO APART REM</Descripcion>
  </CajaAuxiliar>
  <CajaAuxiliar>
    <Folio>A-2034</Folio>
    <Acumulado>580</Acumulado>
    <FechaPrimMov>2018-09-27T00:00:00-05:00</FechaPrimMov>
    <FechaUltMov>2018-10-23T00:00:00-05:00</FechaUltMov>
    <Comentario />
    <ultimoEstatus>APARTADO</ultimoEstatus>
    <ultimaOperacion>3</ultimaOperacion>
    <ultimoMovimiento>416</ultimoMovimiento>
    <Descripcion>APARTADO</Descripcion>
  </CajaAuxiliar>
  <CajaAuxiliar>
    <Folio>A-2035</Folio>
    <Acumulado>400</Acumulado>
    <FechaPrimMov>2018-09-27T00:00:00-05:00</FechaPrimMov>
    <FechaUltMov>2018-09-27T00:00:00-05:00</FechaUltMov>
    <Comentario />
    <ultimoEstatus>APARTADO</ultimoEstatus>
    <ultimaOperacion>1</ultimaOperacion>
    <ultimoMovimiento>373</ultimoMovimiento>
    <Descripcion>APARTADO</Descripcion>
  </CajaAuxiliar>
  <CajaAuxiliar>
    <Folio>A-2036</Folio>
    <Acumulado>1800</Acumulado>
    <FechaPrimMov>2018-09-27T00:00:00-05:00</FechaPrimMov>
    <FechaUltMov>2018-09-27T00:00:00-05:00</FechaUltMov>
    <Comentario />
    <ultimoEstatus>APARTADO</ultimoEstatus>
    <ultimaOperacion>1</ultimaOperacion>
    <ultimoMovimiento>374</ultimoMovimiento>
    <Descripcion>APARTADO</Descripcion>
  </CajaAuxiliar>
  <CajaAuxiliar>
    <Folio>A-2037</Folio>
    <Acumulado>400</Acumulado>
    <FechaPrimMov>2018-10-02T00:00:00-05:00</FechaPrimMov>
    <FechaUltMov>2018-10-30T00:00:00-06:00</FechaUltMov>
    <Comentario />
    <ultimoEstatus>APARTADO</ultimoEstatus>
    <ultimaOperacion>2</ultimaOperacion>
    <ultimoMovimiento>432</ultimoMovimiento>
    <Descripcion>APARTADO</Descripcion>
  </CajaAuxiliar>
  <CajaAuxiliar>
    <Folio>A-2038</Folio>
    <Acumulado>90</Acumulado>
    <FechaPrimMov>2018-10-19T00:00:00-05:00</FechaPrimMov>
    <FechaUltMov>2018-10-19T00:00:00-05:00</FechaUltMov>
    <Comentario />
    <ultimoEstatus>APARTADO</ultimoEstatus>
    <ultimaOperacion>1</ultimaOperacion>
    <ultimoMovimiento>409</ultimoMovimiento>
    <Descripcion>APARTADO</Descripcion>
  </CajaAuxiliar>
  <CajaAuxiliar>
    <Folio>A-2039</Folio>
    <Acumulado>239</Acumulado>
    <FechaPrimMov>2018-10-20T00:00:00-05:00</FechaPrimMov>
    <FechaUltMov>2018-11-01T00:00:00-06:00</FechaUltMov>
    <Comentario />
    <ultimoEstatus>APARTADO</ultimoEstatus>
    <ultimaOperacion>2</ultimaOperacion>
    <ultimoMovimiento>434</ultimoMovimiento>
    <Descripcion>APARTADO</Descripcion>
  </CajaAuxiliar>
  <CajaAuxiliar>
    <Folio>A-2040</Folio>
    <Acumulado>650</Acumulado>
    <FechaPrimMov>2018-10-20T00:00:00-05:00</FechaPrimMov>
    <FechaUltMov>2018-11-03T00:00:00-06:00</FechaUltMov>
    <Comentario />
    <ultimoEstatus>APARTADO</ultimoEstatus>
    <ultimaOperacion>3</ultimaOperacion>
    <ultimoMovimiento>438</ultimoMovimiento>
    <Descripcion>APARTADO</Descripcion>
  </CajaAuxiliar>
  <CajaAuxiliar>
    <Folio>A-2041</Folio>
    <Acumulado>150</Acumulado>
    <FechaPrimMov>2018-10-25T00:00:00-05:00</FechaPrimMov>
    <FechaUltMov>2018-10-25T00:00:00-05:00</FechaUltMov>
    <Comentario />
    <ultimoEstatus>APARTADO</ultimoEstatus>
    <ultimaOperacion>1</ultimaOperacion>
    <ultimoMovimiento>424</ultimoMovimiento>
    <Descripcion>APARTADO</Descripcion>
  </CajaAuxiliar>
  <CajaAuxiliar>
    <Folio>A-2042</Folio>
    <Acumulado>350</Acumulado>
    <FechaPrimMov>2018-10-26T00:00:00-05:00</FechaPrimMov>
    <FechaUltMov>2018-10-26T00:00:00-05:00</FechaUltMov>
    <Comentario />
    <ultimoEstatus>APARTADO</ultimoEstatus>
    <ultimaOperacion>1</ultimaOperacion>
    <ultimoMovimiento>425</ultimoMovimiento>
    <Descripcion>APARTADO</Descripcion>
  </CajaAuxiliar>
  <CajaAuxiliar>
    <Folio>A-2043</Folio>
    <Acumulado>0</Acumulado>
    <FechaPrimMov>2018-10-31T00:00:00-06:00</FechaPrimMov>
    <FechaUltMov>2018-11-03T00:00:00-06:00</FechaUltMov>
    <Comentario>R-80190</Comentario>
    <ultimoEstatus>VENDIDO</ultimoEstatus>
    <ultimaOperacion>3</ultimaOperacion>
    <ultimoMovimiento>437</ultimoMovimiento>
    <Descripcion>RETIRO APART REM</Descripcion>
  </CajaAuxiliar>
</NewDataSet>