<?xml version="1.0" standalone="yes"?>
<NewDataSet>
  <xs:schema id="NewDataSet" xmlns="" xmlns:xs="http://www.w3.org/2001/XMLSchema" xmlns:msdata="urn:schemas-microsoft-com:xml-msdata">
    <xs:element name="NewDataSet" msdata:IsDataSet="true" msdata:MainDataTable="Inventarios" msdata:Locale="es-MX">
      <xs:complexType>
        <xs:choice minOccurs="0" maxOccurs="unbounded">
          <xs:element name="Inventarios" msdata:CaseSensitive="False" msdata:Locale="es-MX">
            <xs:complexType>
              <xs:sequence>
                <xs:element name="no" type="xs:string" minOccurs="0" />
                <xs:element name="contrato" type="xs:string" minOccurs="0" />
                <xs:element name="fecha" type="xs:string" minOccurs="0" />
                <xs:element name="bolsa" type="xs:string" minOccurs="0" />
                <xs:element name="noinv" type="xs:string" minOccurs="0" />
                <xs:element name="noserie" type="xs:string" minOccurs="0" />
                <xs:element name="descripcion" type="xs:string" minOccurs="0" />
                <xs:element name="detalles" type="xs:string" minOccurs="0" />
                <xs:element name="preciosugerido" type="xs:string" minOccurs="0" />
                <xs:element name="precioventa" type="xs:double" minOccurs="0" />
                <xs:element name="kilates" type="xs:string" minOccurs="0" />
                <xs:element name="peso_real" type="xs:string" minOccurs="0" />
                <xs:element name="condiciones" type="xs:string" minOccurs="0" />
                <xs:element name="tipo" type="xs:string" minOccurs="0" />
                <xs:element name="status" type="xs:string" minOccurs="0" />
                <xs:element name="mov" type="xs:string" minOccurs="0" />
                <xs:element name="rematado" type="xs:string" minOccurs="0" />
                <xs:element name="rematado_por" type="xs:string" minOccurs="0" />
                <xs:element name="mod_extemporanea" type="xs:string" minOccurs="0" />
                <xs:element name="transferido" type="xs:string" minOccurs="0" />
                <xs:element name="sucursal" type="xs:string" minOccurs="0" />
                <xs:element name="status_transferido" type="xs:string" minOccurs="0" />
                <xs:element name="fecha_trans" type="xs:string" minOccurs="0" />
                <xs:element name="actualizacion" type="xs:string" minOccurs="0" />
                <xs:element name="codigotrans" type="xs:string" minOccurs="0" />
                <xs:element name="pneto" type="xs:string" minOccurs="0" />
                <xs:element name="NOTAS" type="xs:string" minOccurs="0" />
                <xs:element name="AOM" type="xs:string" minOccurs="0" />
                <xs:element name="rematadoEJ" type="xs:dateTime" minOccurs="0" />
                <xs:element name="precio_promocion" type="xs:string" minOccurs="0" />
                <xs:element name="fechaPP" type="xs:string" minOccurs="0" />
                <xs:element name="precioPromo2" type="xs:string" minOccurs="0" />
                <xs:element name="fechaPP2" type="xs:string" minOccurs="0" />
                <xs:element name="precioPromo3" type="xs:string" minOccurs="0" />
                <xs:element name="fechaPP3" type="xs:string" minOccurs="0" />
                <xs:element name="precioRemate" type="xs:string" minOccurs="0" />
                <xs:element name="fechaPRem" type="xs:string" minOccurs="0" />
                <xs:element name="precio_origen" type="xs:string" minOccurs="0" />
                <xs:element name="actualizo" type="xs:string" minOccurs="0" />
                <xs:element name="actualizo2" type="xs:string" minOccurs="0" />
                <xs:element name="actualizo3" type="xs:string" minOccurs="0" />
                <xs:element name="prestamo" type="xs:string" minOccurs="0" />
                <xs:element name="contrato2" type="xs:string" minOccurs="0" />
                <xs:element name="fecha_contrato" type="xs:string" minOccurs="0" />
                <xs:element name="indice" type="xs:int" minOccurs="0" />
              </xs:sequence>
            </xs:complexType>
          </xs:element>
        </xs:choice>
      </xs:complexType>
    </xs:element>
  </xs:schema>
  <Inventarios>
    <noinv>AUTOS</noinv>
    <noserie>AUTOS</noserie>
    <descripcion>PAGO PENSION AUTOS</descripcion>
    <detalles>PENSION AUTOS</detalles>
    <preciosugerido>150.0000</preciosugerido>
    <precioventa>150</precioventa>
    <condiciones>NORMAL</condiciones>
    <tipo>Autos</tipo>
    <status>EN VENTA</status>
    <rematado>20/03/2018 12:00:00 a. m.</rematado>
    <rematado_por>FELIPE REYES</rematado_por>
    <transferido>E-TLA_3-101</transferido>
    <sucursal>TLA_3-101</sucursal>
    <rematadoEJ>2018-03-20T00:00:00-06:00</rematadoEJ>
    <precio_promocion>150.0000</precio_promocion>
    <precioPromo2>0.0000</precioPromo2>
    <precioPromo3>0.0000</precioPromo3>
    <precioRemate>0.0000</precioRemate>
    <indice>268</indice>
  </Inventarios>
  <Inventarios>
    <no>R-7</no>
    <contrato>123589</contrato>
    <fecha>30/10/2017 12:00:00 a. m.</fecha>
    <bolsa>140706</bolsa>
    <noinv>CMGA10775</noinv>
    <noserie>TLA_110775</noserie>
    <descripcion>CAMIONETA FORD F350</descripcion>
    <detalles>2002</detalles>
    <preciosugerido>33000.0000</preciosugerido>
    <precioventa>30000</precioventa>
    <kilates />
    <peso_real />
    <condiciones>NORMAL</condiciones>
    <tipo>Autos</tipo>
    <status>VENDIDO</status>
    <rematado_por>MRO-TLA_1-101-TLA_3-101-171</rematado_por>
    <transferido>R-TLA_1</transferido>
    <sucursal>TLA_3-101</sucursal>
    <pneto />
    <NOTAS />
    <AOM>MODIFICADA</AOM>
    <rematadoEJ>2017-11-13T00:00:00-06:00</rematadoEJ>
    <precio_promocion>60000.0000</precio_promocion>
    <precioPromo2>0.0000</precioPromo2>
    <precioPromo3>0.0000</precioPromo3>
    <precioRemate>0.0000</precioRemate>
    <precio_origen>65000.0000</precio_origen>
    <prestamo>15000.0000</prestamo>
    <contrato2>123589</contrato2>
    <fecha_contrato>21/08/2017 12:00:00 a. m.</fecha_contrato>
    <indice>317</indice>
  </Inventarios>
</NewDataSet>