<?xml version="1.0" standalone="yes"?>
<NewDataSet>
  <xs:schema id="NewDataSet" xmlns="" xmlns:xs="http://www.w3.org/2001/XMLSchema" xmlns:msdata="urn:schemas-microsoft-com:xml-msdata">
    <xs:element name="NewDataSet" msdata:IsDataSet="true" msdata:MainDataTable="Inventarios" msdata:Locale="es-MX">
      <xs:complexType>
        <xs:choice minOccurs="0" maxOccurs="unbounded">
          <xs:element name="Inventarios" msdata:CaseSensitive="False" msdata:Locale="es-MX">
            <xs:complexType>
              <xs:sequence>
                <xs:element name="no" type="xs:string" minOccurs="0" />
                <xs:element name="contrato" type="xs:string" minOccurs="0" />
                <xs:element name="fecha" type="xs:string" minOccurs="0" />
                <xs:element name="bolsa" type="xs:string" minOccurs="0" />
                <xs:element name="noinv" type="xs:string" minOccurs="0" />
                <xs:element name="noserie" type="xs:string" minOccurs="0" />
                <xs:element name="descripcion" type="xs:string" minOccurs="0" />
                <xs:element name="detalles" type="xs:string" minOccurs="0" />
                <xs:element name="preciosugerido" type="xs:string" minOccurs="0" />
                <xs:element name="precioventa" type="xs:double" minOccurs="0" />
                <xs:element name="kilates" type="xs:string" minOccurs="0" />
                <xs:element name="peso_real" type="xs:string" minOccurs="0" />
                <xs:element name="condiciones" type="xs:string" minOccurs="0" />
                <xs:element name="tipo" type="xs:string" minOccurs="0" />
                <xs:element name="status" type="xs:string" minOccurs="0" />
                <xs:element name="mov" type="xs:string" minOccurs="0" />
                <xs:element name="rematado" type="xs:string" minOccurs="0" />
                <xs:element name="rematado_por" type="xs:string" minOccurs="0" />
                <xs:element name="mod_extemporanea" type="xs:string" minOccurs="0" />
                <xs:element name="transferido" type="xs:string" minOccurs="0" />
                <xs:element name="sucursal" type="xs:string" minOccurs="0" />
                <xs:element name="status_transferido" type="xs:string" minOccurs="0" />
                <xs:element name="fecha_trans" type="xs:string" minOccurs="0" />
                <xs:element name="actualizacion" type="xs:string" minOccurs="0" />
                <xs:element name="codigotrans" type="xs:string" minOccurs="0" />
                <xs:element name="pneto" type="xs:string" minOccurs="0" />
                <xs:element name="NOTAS" type="xs:string" minOccurs="0" />
                <xs:element name="AOM" type="xs:string" minOccurs="0" />
                <xs:element name="rematadoEJ" type="xs:dateTime" minOccurs="0" />
                <xs:element name="precio_promocion" type="xs:string" minOccurs="0" />
                <xs:element name="fechaPP" type="xs:string" minOccurs="0" />
                <xs:element name="precioPromo2" type="xs:string" minOccurs="0" />
                <xs:element name="fechaPP2" type="xs:string" minOccurs="0" />
                <xs:element name="precioPromo3" type="xs:string" minOccurs="0" />
                <xs:element name="fechaPP3" type="xs:string" minOccurs="0" />
                <xs:element name="precioRemate" type="xs:string" minOccurs="0" />
                <xs:element name="fechaPRem" type="xs:string" minOccurs="0" />
                <xs:element name="precio_origen" type="xs:string" minOccurs="0" />
                <xs:element name="actualizo" type="xs:string" minOccurs="0" />
                <xs:element name="actualizo2" type="xs:string" minOccurs="0" />
                <xs:element name="actualizo3" type="xs:string" minOccurs="0" />
                <xs:element name="prestamo" type="xs:string" minOccurs="0" />
                <xs:element name="contrato2" type="xs:string" minOccurs="0" />
                <xs:element name="fecha_contrato" type="xs:string" minOccurs="0" />
                <xs:element name="indice" type="xs:string" minOccurs="0" />
                <xs:element name="Antiguedad" type="xs:string" minOccurs="0" />
              </xs:sequence>
            </xs:complexType>
          </xs:element>
        </xs:choice>
      </xs:complexType>
    </xs:element>
  </xs:schema>
  <Inventarios>
    <contrato>88278</contrato>
    <fecha>13/06/2018 12:00:00 a. m.</fecha>
    <bolsa>78742</bolsa>
    <noinv>CMGC15757</noinv>
    <noserie>PRG_115757</noserie>
    <descripcion>DISCO DURO</descripcion>
    <detalles>250GB</detalles>
    <preciosugerido>330.0000</preciosugerido>
    <precioventa>399</precioventa>
    <kilates>0</kilates>
    <peso_real>0</peso_real>
    <condiciones>NORMAL</condiciones>
    <tipo>Computo</tipo>
    <status>EN VENTA</status>
    <rematado>16/08/2018 12:00:00 a. m.</rematado>
    <rematado_por>ALONDRA RUFINO MONROY</rematado_por>
    <mod_extemporanea>Modificado el dia: 2018-09-26 - Revision fuera de ejercicio , ARGUMENTO: VTA. REALIZO: ALONDRA RUFINO MONROY</mod_extemporanea>
    <transferido>R-PRG_1</transferido>
    <sucursal>PRG_1</sucursal>
    <pneto>0</pneto>
    <AOM>MODIFICADA</AOM>
    <rematadoEJ>2018-08-16T00:00:00-05:00</rematadoEJ>
    <precio_promocion>375.0000</precio_promocion>
    <precioPromo2>0.0000</precioPromo2>
    <precioPromo3>0.0000</precioPromo3>
    <precioRemate>0.0000</precioRemate>
    <precio_origen>399.0000</precio_origen>
    <prestamo>150.0000</prestamo>
    <contrato2>88278</contrato2>
    <fecha_contrato>13/06/2018 12:00:00 a. m.</fecha_contrato>
    <indice>27154</indice>
    <Antiguedad>92</Antiguedad>
  </Inventarios>
  <Inventarios>
    <contrato>87235</contrato>
    <fecha>30/05/2018 12:00:00 a. m.</fecha>
    <bolsa>78262</bolsa>
    <noinv>CMGC15391</noinv>
    <noserie>PRG_115391</noserie>
    <descripcion>LAP TOP LENOVO</descripcion>
    <detalles>80G0, 1TB D.D 4GB RAM W8 CELERON</detalles>
    <preciosugerido>0.0000</preciosugerido>
    <precioventa>4999</precioventa>
    <kilates>0</kilates>
    <peso_real>0</peso_real>
    <condiciones>NORMAL</condiciones>
    <tipo>Computo</tipo>
    <status>EN VENTA</status>
    <rematado>31/05/2018 12:00:00 a. m.</rematado>
    <rematado_por>ALONDRA RUFINO MONROY</rematado_por>
    <transferido>R-PRG_1</transferido>
    <sucursal>PRG_1</sucursal>
    <pneto>0</pneto>
    <AOM>MODIFICADA</AOM>
    <rematadoEJ>2018-05-31T00:00:00-05:00</rematadoEJ>
    <precio_promocion>4799.0000</precio_promocion>
    <precioPromo2>0.0000</precioPromo2>
    <precioPromo3>0.0000</precioPromo3>
    <precioRemate>0.0000</precioRemate>
    <prestamo>2900.0000</prestamo>
    <contrato2>87235</contrato2>
    <fecha_contrato>12/03/2018 12:00:00 a. m.</fecha_contrato>
    <indice>26778</indice>
    <Antiguedad>169</Antiguedad>
  </Inventarios>
  <Inventarios>
    <contrato>64832</contrato>
    <fecha>23/07/2018 12:00:00 a. m.</fecha>
    <bolsa>61978</bolsa>
    <noinv>CMGE9572</noinv>
    <noserie>TLX_19572</noserie>
    <descripcion>LAP TOP HP </descripcion>
    <detalles>14G101LA 1TB D.D 4GB RAM W8 AMD E1</detalles>
    <preciosugerido>881.0000</preciosugerido>
    <precioventa>4999</precioventa>
    <kilates />
    <peso_real />
    <condiciones>NORMAL</condiciones>
    <tipo>Computo</tipo>
    <status>EN VENTA</status>
    <rematado_por>DDR-TLX_1-101-PRG_1-101-256</rematado_por>
    <transferido>R-TLX_1</transferido>
    <sucursal>PRG_1-101</sucursal>
    <pneto />
    <NOTAS />
    <AOM>MODIFICADA</AOM>
    <rematadoEJ>2018-07-23T00:00:00-05:00</rematadoEJ>
    <precio_promocion>4799.0000</precio_promocion>
    <precioPromo2>0.0000</precioPromo2>
    <precioPromo3>0.0000</precioPromo3>
    <precioRemate>0.0000</precioRemate>
    <prestamo>3300.0000</prestamo>
    <contrato2>64832</contrato2>
    <fecha_contrato>08/05/2018 12:00:00 a. m.</fecha_contrato>
    <indice>27379</indice>
    <Antiguedad>116</Antiguedad>
  </Inventarios>
  <Inventarios>
    <contrato>52290</contrato>
    <fecha>23/07/2018 12:00:00 a. m.</fecha>
    <bolsa>44842</bolsa>
    <noinv>CMGE9576</noinv>
    <noserie>TLX_19576</noserie>
    <descripcion>LAP TOP HP RTL8723BE</descripcion>
    <detalles>1TB D.D 8GB RAM CORE I3</detalles>
    <preciosugerido>8800.0000</preciosugerido>
    <precioventa>4999</precioventa>
    <kilates />
    <peso_real />
    <condiciones>NORMAL</condiciones>
    <tipo>Computo</tipo>
    <status>EN VENTA</status>
    <rematado_por>DDR-TLX_1-101-PRG_1-101-256</rematado_por>
    <transferido>R-TLX_1</transferido>
    <sucursal>PRG_1-101</sucursal>
    <pneto />
    <NOTAS />
    <AOM>MODIFICADA</AOM>
    <rematadoEJ>2018-07-23T00:00:00-05:00</rematadoEJ>
    <precio_promocion>4799.0000</precio_promocion>
    <precioPromo2>0.0000</precioPromo2>
    <precioPromo3>0.0000</precioPromo3>
    <precioRemate>0.0000</precioRemate>
    <prestamo>4000.0000</prestamo>
    <contrato2>52290</contrato2>
    <fecha_contrato>11/05/2018 12:00:00 a. m.</fecha_contrato>
    <indice>27380</indice>
    <Antiguedad>116</Antiguedad>
  </Inventarios>
</NewDataSet>