<?xml version="1.0" standalone="yes"?>
<NewDataSet>
  <xs:schema id="NewDataSet" xmlns="" xmlns:xs="http://www.w3.org/2001/XMLSchema" xmlns:msdata="urn:schemas-microsoft-com:xml-msdata">
    <xs:element name="NewDataSet" msdata:IsDataSet="true" msdata:MainDataTable="Retiros" msdata:Locale="es-MX">
      <xs:complexType>
        <xs:choice minOccurs="0" maxOccurs="unbounded">
          <xs:element name="Retiros" msdata:CaseSensitive="False" msdata:Locale="es-MX">
            <xs:complexType>
              <xs:sequence>
                <xs:element name="caja" type="xs:string" minOccurs="0" />
                <xs:element name="numcaja" type="xs:string" minOccurs="0" />
                <xs:element name="pertenecea" type="xs:string" minOccurs="0" />
                <xs:element name="cantidad" type="xs:double" minOccurs="0" />
                <xs:element name="concepto" type="xs:string" minOccurs="0" />
                <xs:element name="descripcion" type="xs:string" minOccurs="0" />
                <xs:element name="estatus" type="xs:string" minOccurs="0" />
                <xs:element name="fecha" type="xs:dateTime" minOccurs="0" />
                <xs:element name="hora" type="xs:string" minOccurs="0" />
                <xs:element name="autorizo" type="xs:string" minOccurs="0" />
                <xs:element name="usuario" type="xs:string" minOccurs="0" />
                <xs:element name="nooperador" type="xs:string" minOccurs="0" />
                <xs:element name="comprobacionno" type="xs:string" minOccurs="0" />
                <xs:element name="folio" type="xs:string" minOccurs="0" />
              </xs:sequence>
            </xs:complexType>
          </xs:element>
        </xs:choice>
      </xs:complexType>
    </xs:element>
  </xs:schema>
  <Retiros>
    <caja>MRO-TLA3-12</caja>
    <numcaja>TLA312</numcaja>
    <pertenecea>TULA DE ALLENDE MONTE ROS III</pertenecea>
    <cantidad>15000</cantidad>
    <concepto>Transferencias</concepto>
    <descripcion>TRANSFER A FF ADMINISTRADOR JMR</descripcion>
    <estatus>POR COMPROBAR</estatus>
    <fecha>2018-02-01T00:00:00-06:00</fecha>
    <hora>15:12</hora>
    <autorizo>JMR</autorizo>
    <usuario>JOSE MANUEL DE LA ROSA  AGUILAR</usuario>
    <nooperador>75</nooperador>
    <comprobacionno>1</comprobacionno>
    <folio>0102.2018</folio>
  </Retiros>
  <Retiros>
    <caja>MRO-TLA3-12</caja>
    <numcaja>TLA312</numcaja>
    <pertenecea>TULA DE ALLENDE MONTE ROS III</pertenecea>
    <cantidad>10000</cantidad>
    <concepto>Transferencias</concepto>
    <descripcion>DEPO A CHEQUES BANCOMER 02MAR2018</descripcion>
    <estatus>POR COMPROBAR</estatus>
    <fecha>2018-03-02T00:00:00-06:00</fecha>
    <hora>17:40</hora>
    <autorizo>JMR</autorizo>
    <usuario>JOSE MANUEL DE LA ROSA  AGUILAR</usuario>
    <nooperador>75</nooperador>
    <comprobacionno>2</comprobacionno>
    <folio>0203.2018</folio>
  </Retiros>
  <Retiros>
    <caja>MRO-TLA3-11</caja>
    <numcaja>TLA311</numcaja>
    <pertenecea>TULA DE ALLENDE MONTE ROS III</pertenecea>
    <cantidad>20000</cantidad>
    <concepto>Deposito a bancos</concepto>
    <descripcion>DEPO A CHEQUES BANAMEX 12 ABR 2018</descripcion>
    <estatus>POR COMPROBAR</estatus>
    <fecha>2018-04-25T00:00:00-05:00</fecha>
    <hora>15:54</hora>
    <autorizo>JMR</autorizo>
    <usuario>JOSE MANUEL DE LA ROSA  AGUILAR</usuario>
    <nooperador>75</nooperador>
    <comprobacionno>3</comprobacionno>
    <folio>1204.2018</folio>
  </Retiros>
  <Retiros>
    <caja>MRO-TLA3-11</caja>
    <numcaja>TLA311</numcaja>
    <pertenecea>TULA DE ALLENDE MONTE ROS III</pertenecea>
    <cantidad>10000</cantidad>
    <concepto>Deposito a bancos</concepto>
    <descripcion>DEPO A CHEQUES BANAMEX 17 ABR 2018</descripcion>
    <estatus>POR COMPROBAR</estatus>
    <fecha>2018-04-25T00:00:00-05:00</fecha>
    <hora>15:55</hora>
    <autorizo>JMR</autorizo>
    <usuario>JOSE MANUEL DE LA ROSA  AGUILAR</usuario>
    <nooperador>75</nooperador>
    <comprobacionno>4</comprobacionno>
    <folio>1704.2018</folio>
  </Retiros>
  <Retiros>
    <caja>MRO-TLA3-12</caja>
    <numcaja>TLA312</numcaja>
    <pertenecea>TULA DE ALLENDE MONTE ROS III</pertenecea>
    <cantidad>30000</cantidad>
    <concepto>Deposito a bancos</concepto>
    <descripcion>DEPO A CHEQUES BANAMEX 12 ABR 2018</descripcion>
    <estatus>POR COMPROBAR</estatus>
    <fecha>2018-04-25T00:00:00-05:00</fecha>
    <hora>15:55</hora>
    <autorizo>JMR</autorizo>
    <usuario>JOSE MANUEL DE LA ROSA  AGUILAR</usuario>
    <nooperador>75</nooperador>
    <comprobacionno>5</comprobacionno>
    <folio>1204.2018</folio>
  </Retiros>
  <Retiros>
    <caja>MRO-TLA3-11</caja>
    <numcaja>TLA311</numcaja>
    <pertenecea>TULA DE ALLENDE MONTE ROS III</pertenecea>
    <cantidad>2918.26</cantidad>
    <concepto>Reporte Gastos</concepto>
    <descripcion>COMPROB GASTOS TULA3 FOLIO 54 DE 2018</descripcion>
    <estatus>POR COMPROBAR</estatus>
    <fecha>2018-05-11T00:00:00-05:00</fecha>
    <hora>15:18</hora>
    <autorizo>JMR</autorizo>
    <usuario>JOSE MANUEL DE LA ROSA  AGUILAR</usuario>
    <nooperador>75</nooperador>
    <comprobacionno>6</comprobacionno>
    <folio>54.2018</folio>
  </Retiros>
  <Retiros>
    <caja>MRO-TLA3-11</caja>
    <numcaja>TLA311</numcaja>
    <pertenecea>TULA DE ALLENDE MONTE ROS III</pertenecea>
    <cantidad>928</cantidad>
    <concepto>Reporte Gastos</concepto>
    <descripcion>COMPROB GASTOS TULA3 FOLIO 55 DE 2018</descripcion>
    <estatus>POR COMPROBAR</estatus>
    <fecha>2018-05-11T00:00:00-05:00</fecha>
    <hora>15:18</hora>
    <autorizo>JMR</autorizo>
    <usuario>JOSE MANUEL DE LA ROSA  AGUILAR</usuario>
    <nooperador>75</nooperador>
    <comprobacionno>7</comprobacionno>
    <folio>55.2018</folio>
  </Retiros>
  <Retiros>
    <caja>MRO-TLA3-11</caja>
    <numcaja>TLA311</numcaja>
    <pertenecea>TULA DE ALLENDE MONTE ROS III</pertenecea>
    <cantidad>740</cantidad>
    <concepto>Reporte Gastos</concepto>
    <descripcion>COMPROB GASTOS TULA3 FOLIO 56 DE 2018</descripcion>
    <estatus>POR COMPROBAR</estatus>
    <fecha>2018-05-11T00:00:00-05:00</fecha>
    <hora>15:19</hora>
    <autorizo>JMR</autorizo>
    <usuario>JOSE MANUEL DE LA ROSA  AGUILAR</usuario>
    <nooperador>75</nooperador>
    <comprobacionno>8</comprobacionno>
    <folio>56.2018</folio>
  </Retiros>
  <Retiros>
    <caja>MRO-TLA3-11</caja>
    <numcaja>TLA311</numcaja>
    <pertenecea>TULA DE ALLENDE MONTE ROS III</pertenecea>
    <cantidad>72</cantidad>
    <concepto>Reporte Gastos</concepto>
    <descripcion>COMPROB GASTOS TULA3 FOLIO 57 DE 2018</descripcion>
    <estatus>POR COMPROBAR</estatus>
    <fecha>2018-05-11T00:00:00-05:00</fecha>
    <hora>15:19</hora>
    <autorizo>JMR</autorizo>
    <usuario>JOSE MANUEL DE LA ROSA  AGUILAR</usuario>
    <nooperador>75</nooperador>
    <comprobacionno>9</comprobacionno>
    <folio>57.2018</folio>
  </Retiros>
  <Retiros>
    <caja>MRO-TLA3-11</caja>
    <numcaja>TLA311</numcaja>
    <pertenecea>TULA DE ALLENDE MONTE ROS III</pertenecea>
    <cantidad>1637</cantidad>
    <concepto>Reporte Gastos</concepto>
    <descripcion>COMPROB GASTOS TULA3 FOLIO 58 DE 2018</descripcion>
    <estatus>POR COMPROBAR</estatus>
    <fecha>2018-05-11T00:00:00-05:00</fecha>
    <hora>15:19</hora>
    <autorizo>JMR</autorizo>
    <usuario>JOSE MANUEL DE LA ROSA  AGUILAR</usuario>
    <nooperador>75</nooperador>
    <comprobacionno>10</comprobacionno>
    <folio>58.2018</folio>
  </Retiros>
  <Retiros>
    <caja>MRO-TLA3-11</caja>
    <numcaja>TLA311</numcaja>
    <pertenecea>TULA DE ALLENDE MONTE ROS III</pertenecea>
    <cantidad>87</cantidad>
    <concepto>Reporte Gastos</concepto>
    <descripcion>COMPROB GASTOS TULA3 FOLIO 59 DE 2018</descripcion>
    <estatus>POR COMPROBAR</estatus>
    <fecha>2018-05-11T00:00:00-05:00</fecha>
    <hora>15:20</hora>
    <autorizo>JMR</autorizo>
    <usuario>JOSE MANUEL DE LA ROSA  AGUILAR</usuario>
    <nooperador>75</nooperador>
    <comprobacionno>11</comprobacionno>
    <folio>59.2018</folio>
  </Retiros>
  <Retiros>
    <caja>MRO-TLA3-11</caja>
    <numcaja>TLA311</numcaja>
    <pertenecea>TULA DE ALLENDE MONTE ROS III</pertenecea>
    <cantidad>275.5</cantidad>
    <concepto>Reporte Gastos</concepto>
    <descripcion>COMPROB GASTOS TULA3 FOLIO 60 DE 2018</descripcion>
    <estatus>POR COMPROBAR</estatus>
    <fecha>2018-05-11T00:00:00-05:00</fecha>
    <hora>15:20</hora>
    <autorizo>JMR</autorizo>
    <usuario>JOSE MANUEL DE LA ROSA  AGUILAR</usuario>
    <nooperador>75</nooperador>
    <comprobacionno>12</comprobacionno>
    <folio>60.2018</folio>
  </Retiros>
  <Retiros>
    <caja>MRO-TLA3-11</caja>
    <numcaja>TLA311</numcaja>
    <pertenecea>TULA DE ALLENDE MONTE ROS III</pertenecea>
    <cantidad>1213.5</cantidad>
    <concepto>Reporte Gastos</concepto>
    <descripcion>COMPROB GASTOS TULA3 FOLIO 61 DE 2018</descripcion>
    <estatus>POR COMPROBAR</estatus>
    <fecha>2018-05-11T00:00:00-05:00</fecha>
    <hora>15:21</hora>
    <autorizo>JMR</autorizo>
    <usuario>JOSE MANUEL DE LA ROSA  AGUILAR</usuario>
    <nooperador>75</nooperador>
    <comprobacionno>13</comprobacionno>
    <folio>61.2018</folio>
  </Retiros>
  <Retiros>
    <caja>MRO-TLA3-11</caja>
    <numcaja>TLA311</numcaja>
    <pertenecea>TULA DE ALLENDE MONTE ROS III</pertenecea>
    <cantidad>309</cantidad>
    <concepto>Reporte Gastos</concepto>
    <descripcion>COMPROB GASTOS TULA3 FOLIO 62 DE 2018</descripcion>
    <estatus>POR COMPROBAR</estatus>
    <fecha>2018-05-11T00:00:00-05:00</fecha>
    <hora>15:21</hora>
    <autorizo>JMR</autorizo>
    <usuario>JOSE MANUEL DE LA ROSA  AGUILAR</usuario>
    <nooperador>75</nooperador>
    <comprobacionno>14</comprobacionno>
    <folio>62.2018</folio>
  </Retiros>
  <Retiros>
    <caja>MRO-TLA3-11</caja>
    <numcaja>TLA311</numcaja>
    <pertenecea>TULA DE ALLENDE MONTE ROS III</pertenecea>
    <cantidad>1490</cantidad>
    <concepto>Reporte Gastos</concepto>
    <descripcion>COMPROB GASTOS TULA3 FOLIO 63 DE 2018</descripcion>
    <estatus>POR COMPROBAR</estatus>
    <fecha>2018-05-11T00:00:00-05:00</fecha>
    <hora>15:22</hora>
    <autorizo>JMR</autorizo>
    <usuario>JOSE MANUEL DE LA ROSA  AGUILAR</usuario>
    <nooperador>75</nooperador>
    <comprobacionno>15</comprobacionno>
    <folio>63.2018</folio>
  </Retiros>
  <Retiros>
    <caja>MRO-TLA3-11</caja>
    <numcaja>TLA311</numcaja>
    <pertenecea>TULA DE ALLENDE MONTE ROS III</pertenecea>
    <cantidad>1200</cantidad>
    <concepto>Reporte Gastos</concepto>
    <descripcion>COMPROB GASTOS TULA3 FOLIO 64 DE 2018</descripcion>
    <estatus>POR COMPROBAR</estatus>
    <fecha>2018-05-11T00:00:00-05:00</fecha>
    <hora>15:22</hora>
    <autorizo>JMR</autorizo>
    <usuario>JOSE MANUEL DE LA ROSA  AGUILAR</usuario>
    <nooperador>75</nooperador>
    <comprobacionno>16</comprobacionno>
    <folio>64.2018</folio>
  </Retiros>
  <Retiros>
    <caja>MRO-TLA3-11</caja>
    <numcaja>TLA311</numcaja>
    <pertenecea>TULA DE ALLENDE MONTE ROS III</pertenecea>
    <cantidad>379.97</cantidad>
    <concepto>Reporte Gastos</concepto>
    <descripcion>COMPROB GASTOS TULA3 FOLIO 65 DE 2018</descripcion>
    <estatus>POR COMPROBAR</estatus>
    <fecha>2018-05-11T00:00:00-05:00</fecha>
    <hora>15:22</hora>
    <autorizo>JMR</autorizo>
    <usuario>JOSE MANUEL DE LA ROSA  AGUILAR</usuario>
    <nooperador>75</nooperador>
    <comprobacionno>17</comprobacionno>
    <folio>65.2018</folio>
  </Retiros>
  <Retiros>
    <caja>MRO-TLA3-11</caja>
    <numcaja>TLA311</numcaja>
    <pertenecea>TULA DE ALLENDE MONTE ROS III</pertenecea>
    <cantidad>403.66</cantidad>
    <concepto>Reporte Gastos</concepto>
    <descripcion>COMPROB GASTOS TULA3 FOLIO 66 DE 2018</descripcion>
    <estatus>POR COMPROBAR</estatus>
    <fecha>2018-05-11T00:00:00-05:00</fecha>
    <hora>15:23</hora>
    <autorizo>JMR</autorizo>
    <usuario>JOSE MANUEL DE LA ROSA  AGUILAR</usuario>
    <nooperador>75</nooperador>
    <comprobacionno>18</comprobacionno>
    <folio>66.2018</folio>
  </Retiros>
  <Retiros>
    <caja>MRO-TLA3-11</caja>
    <numcaja>TLA311</numcaja>
    <pertenecea>TULA DE ALLENDE MONTE ROS III</pertenecea>
    <cantidad>178.05</cantidad>
    <concepto>Reporte Gastos</concepto>
    <descripcion>COMPROB GASTOS TULA3 FOLIO 67 DE 2018</descripcion>
    <estatus>POR COMPROBAR</estatus>
    <fecha>2018-05-11T00:00:00-05:00</fecha>
    <hora>15:23</hora>
    <autorizo>JMR</autorizo>
    <usuario>JOSE MANUEL DE LA ROSA  AGUILAR</usuario>
    <nooperador>75</nooperador>
    <comprobacionno>19</comprobacionno>
    <folio>67.2018</folio>
  </Retiros>
  <Retiros>
    <caja>MRO-TLA3-11</caja>
    <numcaja>TLA311</numcaja>
    <pertenecea>TULA DE ALLENDE MONTE ROS III</pertenecea>
    <cantidad>1856</cantidad>
    <concepto>Reporte Gastos</concepto>
    <descripcion>COMPROB GASTOS TULA3 FOLIO 68 DE 2018&lt;</descripcion>
    <estatus>POR COMPROBAR</estatus>
    <fecha>2018-05-11T00:00:00-05:00</fecha>
    <hora>15:23</hora>
    <autorizo>JMR</autorizo>
    <usuario>JOSE MANUEL DE LA ROSA  AGUILAR</usuario>
    <nooperador>75</nooperador>
    <comprobacionno>20</comprobacionno>
    <folio>68.2018</folio>
  </Retiros>
  <Retiros>
    <caja>MRO-TLA3-11</caja>
    <numcaja>TLA311</numcaja>
    <pertenecea>TULA DE ALLENDE MONTE ROS III</pertenecea>
    <cantidad>14000</cantidad>
    <concepto>Deposito a bancos</concepto>
    <descripcion>DEPO A CHEQUES BANAMEX CHECAR FECHA EXACTA. </descripcion>
    <estatus>POR COMPROBAR</estatus>
    <fecha>2018-05-11T00:00:00-05:00</fecha>
    <hora>15:28</hora>
    <autorizo>JMR</autorizo>
    <usuario>JOSE MANUEL DE LA ROSA  AGUILAR</usuario>
    <nooperador>75</nooperador>
    <comprobacionno>21</comprobacionno>
    <folio>24042018</folio>
  </Retiros>
  <Retiros>
    <caja>MRO-TLA3-11</caja>
    <numcaja>TLA311</numcaja>
    <pertenecea>TULA DE ALLENDE MONTE ROS III</pertenecea>
    <cantidad>20000</cantidad>
    <concepto>Transferencias</concepto>
    <descripcion>TRANSFER A FF ADMINISTRADOR JMR TULA3</descripcion>
    <estatus>POR COMPROBAR</estatus>
    <fecha>2018-05-23T00:00:00-05:00</fecha>
    <hora>17:39</hora>
    <autorizo>JMR</autorizo>
    <usuario>JOSE MANUEL DE LA ROSA  AGUILAR</usuario>
    <nooperador>75</nooperador>
    <comprobacionno>22</comprobacionno>
    <folio>052018</folio>
  </Retiros>
  <Retiros>
    <caja>MRO-TLA3-11</caja>
    <numcaja>TLA311</numcaja>
    <pertenecea>TULA DE ALLENDE MONTE ROS III</pertenecea>
    <cantidad>30000</cantidad>
    <concepto>Deposito a bancos</concepto>
    <descripcion>DEPO A CHEQUES BANCOMER 21 MAY 2018</descripcion>
    <estatus>POR COMPROBAR</estatus>
    <fecha>2018-05-23T00:00:00-05:00</fecha>
    <hora>17:39</hora>
    <autorizo>JMR</autorizo>
    <usuario>JOSE MANUEL DE LA ROSA  AGUILAR</usuario>
    <nooperador>75</nooperador>
    <comprobacionno>23</comprobacionno>
    <folio>2105.2018</folio>
  </Retiros>
  <Retiros>
    <caja>MRO-TLA3-12</caja>
    <numcaja>TLA312</numcaja>
    <pertenecea>TULA DE ALLENDE MONTE ROS III</pertenecea>
    <cantidad>30000</cantidad>
    <concepto>Deposito a bancos</concepto>
    <descripcion>DEPO A CHEQUES BANCOMER 21 MAY 2018 1 DE 2</descripcion>
    <estatus>POR COMPROBAR</estatus>
    <fecha>2018-05-23T00:00:00-05:00</fecha>
    <hora>17:40</hora>
    <autorizo>JMR</autorizo>
    <usuario>JOSE MANUEL DE LA ROSA  AGUILAR</usuario>
    <nooperador>75</nooperador>
    <comprobacionno>24</comprobacionno>
    <folio>2105.20181</folio>
  </Retiros>
  <Retiros>
    <caja>MRO-TLA3-12</caja>
    <numcaja>TLA312</numcaja>
    <pertenecea>TULA DE ALLENDE MONTE ROS III</pertenecea>
    <cantidad>30000</cantidad>
    <concepto>Deposito a bancos</concepto>
    <descripcion>DEPO A CHEQUES BANCOMER 21 MAY 2018 2 DE 2</descripcion>
    <estatus>POR COMPROBAR</estatus>
    <fecha>2018-05-23T00:00:00-05:00</fecha>
    <hora>17:40</hora>
    <autorizo>JMR</autorizo>
    <usuario>JOSE MANUEL DE LA ROSA  AGUILAR</usuario>
    <nooperador>75</nooperador>
    <comprobacionno>25</comprobacionno>
    <folio>210520182</folio>
  </Retiros>
  <Retiros>
    <caja>MRO-TLA3-12</caja>
    <numcaja>TLA312</numcaja>
    <pertenecea>TULA DE ALLENDE MONTE ROS III</pertenecea>
    <cantidad>15000</cantidad>
    <concepto>Transferencias</concepto>
    <descripcion>TRANSFER A FF ADMINISTRADOR JMR TULA3 2 DE 2</descripcion>
    <estatus>POR COMPROBAR</estatus>
    <fecha>2018-05-23T00:00:00-05:00</fecha>
    <hora>17:41</hora>
    <autorizo>JMR</autorizo>
    <usuario>JOSE MANUEL DE LA ROSA  AGUILAR</usuario>
    <nooperador>75</nooperador>
    <comprobacionno>26</comprobacionno>
    <folio>052018</folio>
  </Retiros>
  <Retiros>
    <caja>MRO-TLA3-11</caja>
    <numcaja>TLA311</numcaja>
    <pertenecea>TULA DE ALLENDE MONTE ROS III</pertenecea>
    <cantidad>330.41</cantidad>
    <concepto>Reporte Gastos</concepto>
    <descripcion>COMPROB GASTOS TULA3 FOLIO 69 DE 2018</descripcion>
    <estatus>POR COMPROBAR</estatus>
    <fecha>2018-05-25T00:00:00-05:00</fecha>
    <hora>17:05</hora>
    <autorizo>JMR</autorizo>
    <usuario>JOSE MANUEL DE LA ROSA  AGUILAR</usuario>
    <nooperador>75</nooperador>
    <comprobacionno>27</comprobacionno>
    <folio>69.2018</folio>
  </Retiros>
  <Retiros>
    <caja>MRO-TLA3-11</caja>
    <numcaja>TLA311</numcaja>
    <pertenecea>TULA DE ALLENDE MONTE ROS III</pertenecea>
    <cantidad>72</cantidad>
    <concepto>Reporte Gastos</concepto>
    <descripcion>COMPROB GASTOS TULA3 FOLIO 70 DE 2018</descripcion>
    <estatus>POR COMPROBAR</estatus>
    <fecha>2018-05-25T00:00:00-05:00</fecha>
    <hora>17:06</hora>
    <autorizo>JMR</autorizo>
    <usuario>JOSE MANUEL DE LA ROSA  AGUILAR</usuario>
    <nooperador>75</nooperador>
    <comprobacionno>28</comprobacionno>
    <folio>70</folio>
  </Retiros>
  <Retiros>
    <caja>MRO-TLA3-11</caja>
    <numcaja>TLA311</numcaja>
    <pertenecea>TULA DE ALLENDE MONTE ROS III</pertenecea>
    <cantidad>2030.72</cantidad>
    <concepto>Reporte Gastos</concepto>
    <descripcion>COMPROB GASTOS TULA3 FOLIO 71 DE 2018</descripcion>
    <estatus>POR COMPROBAR</estatus>
    <fecha>2018-05-25T00:00:00-05:00</fecha>
    <hora>17:06</hora>
    <autorizo>JMR</autorizo>
    <usuario>JOSE MANUEL DE LA ROSA  AGUILAR</usuario>
    <nooperador>75</nooperador>
    <comprobacionno>29</comprobacionno>
    <folio>71.2018</folio>
  </Retiros>
  <Retiros>
    <caja>MRO-TLA3-11</caja>
    <numcaja>TLA311</numcaja>
    <pertenecea>TULA DE ALLENDE MONTE ROS III</pertenecea>
    <cantidad>200.5</cantidad>
    <concepto>Reporte Gastos</concepto>
    <descripcion>COMPROB GASTOS TULA3 FOLIO 72 DE 2018</descripcion>
    <estatus>POR COMPROBAR</estatus>
    <fecha>2018-05-25T00:00:00-05:00</fecha>
    <hora>17:07</hora>
    <autorizo>JMR</autorizo>
    <usuario>JOSE MANUEL DE LA ROSA  AGUILAR</usuario>
    <nooperador>75</nooperador>
    <comprobacionno>30</comprobacionno>
    <folio>72.2018</folio>
  </Retiros>
  <Retiros>
    <caja>MRO-TLA3-11</caja>
    <numcaja>TLA311</numcaja>
    <pertenecea>TULA DE ALLENDE MONTE ROS III</pertenecea>
    <cantidad>139.2</cantidad>
    <concepto>Reporte Gastos</concepto>
    <descripcion>COMPROB GASTOS TULA3 FOLIO 73 DE 2018</descripcion>
    <estatus>POR COMPROBAR</estatus>
    <fecha>2018-05-25T00:00:00-05:00</fecha>
    <hora>17:07</hora>
    <autorizo>JMR</autorizo>
    <usuario>JOSE MANUEL DE LA ROSA  AGUILAR</usuario>
    <nooperador>75</nooperador>
    <comprobacionno>31</comprobacionno>
    <folio>73.2018</folio>
  </Retiros>
  <Retiros>
    <caja>MRO-TLA3-11</caja>
    <numcaja>TLA311</numcaja>
    <pertenecea>TULA DE ALLENDE MONTE ROS III</pertenecea>
    <cantidad>940</cantidad>
    <concepto>Reporte Gastos</concepto>
    <descripcion>COMPROB GASTOS TULA3 FOLIO 74 DE 2018</descripcion>
    <estatus>POR COMPROBAR</estatus>
    <fecha>2018-05-25T00:00:00-05:00</fecha>
    <hora>17:07</hora>
    <autorizo>JMR</autorizo>
    <usuario>JOSE MANUEL DE LA ROSA  AGUILAR</usuario>
    <nooperador>75</nooperador>
    <comprobacionno>32</comprobacionno>
    <folio>74.2018</folio>
  </Retiros>
  <Retiros>
    <caja>MRO-TLA3-11</caja>
    <numcaja>TLA311</numcaja>
    <pertenecea>TULA DE ALLENDE MONTE ROS III</pertenecea>
    <cantidad>474</cantidad>
    <concepto>Reporte Gastos</concepto>
    <descripcion>COMPROB GASTOS TULA3 FOLIO 75 DE 2018</descripcion>
    <estatus>POR COMPROBAR</estatus>
    <fecha>2018-05-25T00:00:00-05:00</fecha>
    <hora>17:08</hora>
    <autorizo>JMR</autorizo>
    <usuario>JOSE MANUEL DE LA ROSA  AGUILAR</usuario>
    <nooperador>75</nooperador>
    <comprobacionno>33</comprobacionno>
    <folio>75.2018</folio>
  </Retiros>
  <Retiros>
    <caja>MRO-TLA3-11</caja>
    <numcaja>TLA311</numcaja>
    <pertenecea>TULA DE ALLENDE MONTE ROS III</pertenecea>
    <cantidad>36540</cantidad>
    <concepto>Reporte Gastos</concepto>
    <descripcion>COMPROB GASTOS TULA3 FOLIO 76 DE 2018</descripcion>
    <estatus>POR COMPROBAR</estatus>
    <fecha>2018-05-25T00:00:00-05:00</fecha>
    <hora>17:08</hora>
    <autorizo>JMR</autorizo>
    <usuario>JOSE MANUEL DE LA ROSA  AGUILAR</usuario>
    <nooperador>75</nooperador>
    <comprobacionno>34</comprobacionno>
    <folio>76.2018</folio>
  </Retiros>
  <Retiros>
    <caja>MRO-TLA3-11</caja>
    <numcaja>TLA311</numcaja>
    <pertenecea>TULA DE ALLENDE MONTE ROS III</pertenecea>
    <cantidad>300</cantidad>
    <concepto>Reporte Gastos</concepto>
    <descripcion>COMPROB GASTOS TULA3 FOLIO 77 DE 2018</descripcion>
    <estatus>POR COMPROBAR</estatus>
    <fecha>2018-05-25T00:00:00-05:00</fecha>
    <hora>17:09</hora>
    <autorizo>JMR</autorizo>
    <usuario>JOSE MANUEL DE LA ROSA  AGUILAR</usuario>
    <nooperador>75</nooperador>
    <comprobacionno>35</comprobacionno>
    <folio>77.2018</folio>
  </Retiros>
  <Retiros>
    <caja>MRO-TLA3-11</caja>
    <numcaja>TLA311</numcaja>
    <pertenecea>TULA DE ALLENDE MONTE ROS III</pertenecea>
    <cantidad>3264.46</cantidad>
    <concepto>Reporte Gastos</concepto>
    <descripcion>COMPROB GASTOS TULA3 FOLIO 78 DE 2018</descripcion>
    <estatus>POR COMPROBAR</estatus>
    <fecha>2018-06-15T00:00:00-05:00</fecha>
    <hora>11:50</hora>
    <autorizo>JMR</autorizo>
    <usuario>JOSE MANUEL DE LA ROSA  AGUILAR</usuario>
    <nooperador>75</nooperador>
    <comprobacionno>36</comprobacionno>
    <folio>78.2018</folio>
  </Retiros>
  <Retiros>
    <caja>MRO-TLA3-11</caja>
    <numcaja>TLA311</numcaja>
    <pertenecea>TULA DE ALLENDE MONTE ROS III</pertenecea>
    <cantidad>108</cantidad>
    <concepto>Reporte Gastos</concepto>
    <descripcion>COMPROB GASTOS TULA3 FOLIO 79 DE 2018</descripcion>
    <estatus>POR COMPROBAR</estatus>
    <fecha>2018-06-15T00:00:00-05:00</fecha>
    <hora>11:51</hora>
    <autorizo>JMR</autorizo>
    <usuario>JOSE MANUEL DE LA ROSA  AGUILAR</usuario>
    <nooperador>75</nooperador>
    <comprobacionno>37</comprobacionno>
    <folio>79.2018</folio>
  </Retiros>
  <Retiros>
    <caja>MRO-TLA3-11</caja>
    <numcaja>TLA311</numcaja>
    <pertenecea>TULA DE ALLENDE MONTE ROS III</pertenecea>
    <cantidad>120</cantidad>
    <concepto>Reporte Gastos</concepto>
    <descripcion>COMPROB GASTOS TULA3 FOLIO 80 DE 2018</descripcion>
    <estatus>POR COMPROBAR</estatus>
    <fecha>2018-06-15T00:00:00-05:00</fecha>
    <hora>11:52</hora>
    <autorizo>JMR</autorizo>
    <usuario>JOSE MANUEL DE LA ROSA  AGUILAR</usuario>
    <nooperador>75</nooperador>
    <comprobacionno>38</comprobacionno>
    <folio>80.2018</folio>
  </Retiros>
  <Retiros>
    <caja>MRO-TLA3-11</caja>
    <numcaja>TLA311</numcaja>
    <pertenecea>TULA DE ALLENDE MONTE ROS III</pertenecea>
    <cantidad>63</cantidad>
    <concepto>Reporte Gastos</concepto>
    <descripcion>COMPROB GASTOS TULA3 FOLIO 81 DE 2018</descripcion>
    <estatus>POR COMPROBAR</estatus>
    <fecha>2018-06-15T00:00:00-05:00</fecha>
    <hora>11:52</hora>
    <autorizo>JMR</autorizo>
    <usuario>JOSE MANUEL DE LA ROSA  AGUILAR</usuario>
    <nooperador>75</nooperador>
    <comprobacionno>39</comprobacionno>
    <folio>81.2018</folio>
  </Retiros>
  <Retiros>
    <caja>MRO-TLA3-11</caja>
    <numcaja>TLA311</numcaja>
    <pertenecea>TULA DE ALLENDE MONTE ROS III</pertenecea>
    <cantidad>175.99</cantidad>
    <concepto>Reporte Gastos</concepto>
    <descripcion>COMPROB GASTOS TULA3 FOLIO 82 DE 2018</descripcion>
    <estatus>POR COMPROBAR</estatus>
    <fecha>2018-06-15T00:00:00-05:00</fecha>
    <hora>11:52</hora>
    <autorizo>JMR</autorizo>
    <usuario>JOSE MANUEL DE LA ROSA  AGUILAR</usuario>
    <nooperador>75</nooperador>
    <comprobacionno>40</comprobacionno>
    <folio>82.2018</folio>
  </Retiros>
  <Retiros>
    <caja>MRO-TLA3-11</caja>
    <numcaja>TLA311</numcaja>
    <pertenecea>TULA DE ALLENDE MONTE ROS III</pertenecea>
    <cantidad>36</cantidad>
    <concepto>Reporte Gastos</concepto>
    <descripcion>COMPROB GASTOS TULA3 FOLIO 83 DE 2018</descripcion>
    <estatus>POR COMPROBAR</estatus>
    <fecha>2018-06-15T00:00:00-05:00</fecha>
    <hora>11:53</hora>
    <autorizo>JMR</autorizo>
    <usuario>JOSE MANUEL DE LA ROSA  AGUILAR</usuario>
    <nooperador>75</nooperador>
    <comprobacionno>41</comprobacionno>
    <folio>83.2018</folio>
  </Retiros>
  <Retiros>
    <caja>MRO-TLA3-11</caja>
    <numcaja>TLA311</numcaja>
    <pertenecea>TULA DE ALLENDE MONTE ROS III</pertenecea>
    <cantidad>6844</cantidad>
    <concepto>Reporte Gastos</concepto>
    <descripcion>COMPROB GASTOS TULA3 FOLIO 84 DE 2018</descripcion>
    <estatus>POR COMPROBAR</estatus>
    <fecha>2018-06-15T00:00:00-05:00</fecha>
    <hora>11:53</hora>
    <autorizo>JMR</autorizo>
    <usuario>JOSE MANUEL DE LA ROSA  AGUILAR</usuario>
    <nooperador>75</nooperador>
    <comprobacionno>42</comprobacionno>
    <folio>84.2018</folio>
  </Retiros>
  <Retiros>
    <caja>MRO-TLA3-11</caja>
    <numcaja>TLA311</numcaja>
    <pertenecea>TULA DE ALLENDE MONTE ROS III</pertenecea>
    <cantidad>1351.7</cantidad>
    <concepto>Reporte Gastos</concepto>
    <descripcion>COMPROB GASTOS TULA3 FOLIO 85 DE 2018</descripcion>
    <estatus>POR COMPROBAR</estatus>
    <fecha>2018-06-15T00:00:00-05:00</fecha>
    <hora>11:53</hora>
    <autorizo>JMR</autorizo>
    <usuario>JOSE MANUEL DE LA ROSA  AGUILAR</usuario>
    <nooperador>75</nooperador>
    <comprobacionno>43</comprobacionno>
    <folio>85.2018</folio>
  </Retiros>
  <Retiros>
    <caja>MRO-TLA3-11</caja>
    <numcaja>TLA311</numcaja>
    <pertenecea>TULA DE ALLENDE MONTE ROS III</pertenecea>
    <cantidad>5500</cantidad>
    <concepto>Reporte Gastos</concepto>
    <descripcion>COMPROB GASTOS TULA3 FOLIO 86 DE 2018</descripcion>
    <estatus>POR COMPROBAR</estatus>
    <fecha>2018-06-15T00:00:00-05:00</fecha>
    <hora>11:54</hora>
    <autorizo>JMR</autorizo>
    <usuario>JOSE MANUEL DE LA ROSA  AGUILAR</usuario>
    <nooperador>75</nooperador>
    <comprobacionno>44</comprobacionno>
    <folio>86.2018</folio>
  </Retiros>
  <Retiros>
    <caja>MRO-TLA3-11</caja>
    <numcaja>TLA311</numcaja>
    <pertenecea>TULA DE ALLENDE MONTE ROS III</pertenecea>
    <cantidad>85</cantidad>
    <concepto>Reporte Gastos</concepto>
    <descripcion>COMPROB GASTOS TULA3 FOLIO 87 DE 2018</descripcion>
    <estatus>POR COMPROBAR</estatus>
    <fecha>2018-06-15T00:00:00-05:00</fecha>
    <hora>11:54</hora>
    <autorizo>JMR</autorizo>
    <usuario>JOSE MANUEL DE LA ROSA  AGUILAR</usuario>
    <nooperador>75</nooperador>
    <comprobacionno>45</comprobacionno>
    <folio>87.2018</folio>
  </Retiros>
  <Retiros>
    <caja>MRO-TLA3-11</caja>
    <numcaja>TLA311</numcaja>
    <pertenecea>TULA DE ALLENDE MONTE ROS III</pertenecea>
    <cantidad>3000</cantidad>
    <concepto>Transferencias</concepto>
    <descripcion>TRANSFER A FF ADMINISTRADOR JMR PAGOS LUZ</descripcion>
    <estatus>POR COMPROBAR</estatus>
    <fecha>2018-06-15T00:00:00-05:00</fecha>
    <hora>11:55</hora>
    <autorizo>JMR</autorizo>
    <usuario>JOSE MANUEL DE LA ROSA  AGUILAR</usuario>
    <nooperador>75</nooperador>
    <comprobacionno>46</comprobacionno>
    <folio>062018</folio>
  </Retiros>
  <Retiros>
    <caja>MRO-TLA3-11</caja>
    <numcaja>TLA311</numcaja>
    <pertenecea>TULA DE ALLENDE MONTE ROS III</pertenecea>
    <cantidad>7000</cantidad>
    <concepto>Deposito a bancos</concepto>
    <descripcion>DEPO A CHEQUES BANCOMER 22JUN2018</descripcion>
    <estatus>POR COMPROBAR</estatus>
    <fecha>2018-06-28T00:00:00-05:00</fecha>
    <hora>16:16</hora>
    <autorizo>JMR</autorizo>
    <usuario>JOSE MANUEL DE LA ROSA  AGUILAR</usuario>
    <nooperador>75</nooperador>
    <comprobacionno>47</comprobacionno>
    <folio>2206.2018</folio>
  </Retiros>
  <Retiros>
    <caja>MRO-TLA3-12</caja>
    <numcaja>TLA312</numcaja>
    <pertenecea>TULA DE ALLENDE MONTE ROS III</pertenecea>
    <cantidad>5000</cantidad>
    <concepto>Deposito a bancos</concepto>
    <descripcion>DEPO A CHEQUES BANCOMER 03JUL2017</descripcion>
    <estatus>POR COMPROBAR</estatus>
    <fecha>2018-07-06T00:00:00-05:00</fecha>
    <hora>11:45</hora>
    <autorizo>JMR</autorizo>
    <usuario>JOSE MANUEL DE LA ROSA  AGUILAR</usuario>
    <nooperador>75</nooperador>
    <comprobacionno>48</comprobacionno>
    <folio>0307.2018</folio>
  </Retiros>
  <Retiros>
    <caja>MRO-TLA3-11</caja>
    <numcaja>TLA311</numcaja>
    <pertenecea>TULA DE ALLENDE MONTE ROS III</pertenecea>
    <cantidad>3193.07</cantidad>
    <concepto>Reporte Gastos</concepto>
    <descripcion>COMPROB GASTOS TULA3 FOLIO 88 DE 2018</descripcion>
    <estatus>POR COMPROBAR</estatus>
    <fecha>2018-07-21T00:00:00-05:00</fecha>
    <hora>14:30</hora>
    <autorizo>JMR</autorizo>
    <usuario>JOSE MANUEL DE LA ROSA  AGUILAR</usuario>
    <nooperador>75</nooperador>
    <comprobacionno>49</comprobacionno>
    <folio>88.2018</folio>
  </Retiros>
  <Retiros>
    <caja>MRO-TLA3-11</caja>
    <numcaja>TLA311</numcaja>
    <pertenecea>TULA DE ALLENDE MONTE ROS III</pertenecea>
    <cantidad>91</cantidad>
    <concepto>Reporte Gastos</concepto>
    <descripcion>COMPROB GASTOS TULA3 FOLIO 89 DE 2018</descripcion>
    <estatus>POR COMPROBAR</estatus>
    <fecha>2018-07-21T00:00:00-05:00</fecha>
    <hora>14:30</hora>
    <autorizo>JMR</autorizo>
    <usuario>JOSE MANUEL DE LA ROSA  AGUILAR</usuario>
    <nooperador>75</nooperador>
    <comprobacionno>50</comprobacionno>
    <folio>89.2018</folio>
  </Retiros>
  <Retiros>
    <caja>MRO-TLA3-11</caja>
    <numcaja>TLA311</numcaja>
    <pertenecea>TULA DE ALLENDE MONTE ROS III</pertenecea>
    <cantidad>70</cantidad>
    <concepto>Reporte Gastos</concepto>
    <descripcion>COMPROB GASTOS TULA3 FOLIO 90 DE 2018</descripcion>
    <estatus>POR COMPROBAR</estatus>
    <fecha>2018-07-21T00:00:00-05:00</fecha>
    <hora>14:31</hora>
    <autorizo>JMR</autorizo>
    <usuario>JOSE MANUEL DE LA ROSA  AGUILAR</usuario>
    <nooperador>75</nooperador>
    <comprobacionno>51</comprobacionno>
    <folio>90.2018</folio>
  </Retiros>
  <Retiros>
    <caja>MRO-TLA3-11</caja>
    <numcaja>TLA311</numcaja>
    <pertenecea>TULA DE ALLENDE MONTE ROS III</pertenecea>
    <cantidad>144</cantidad>
    <concepto>Reporte Gastos</concepto>
    <descripcion>COMPROB GASTOS TULA3 FOLIO 91 DE 2018</descripcion>
    <estatus>POR COMPROBAR</estatus>
    <fecha>2018-07-21T00:00:00-05:00</fecha>
    <hora>14:31</hora>
    <autorizo>JMR</autorizo>
    <usuario>JOSE MANUEL DE LA ROSA  AGUILAR</usuario>
    <nooperador>75</nooperador>
    <comprobacionno>52</comprobacionno>
    <folio>91.2018</folio>
  </Retiros>
  <Retiros>
    <caja>MRO-TLA3-11</caja>
    <numcaja>TLA311</numcaja>
    <pertenecea>TULA DE ALLENDE MONTE ROS III</pertenecea>
    <cantidad>6280</cantidad>
    <concepto>Reporte Gastos</concepto>
    <descripcion>COMPROB GASTOS TULA3 FOLIO 92 DE 2018</descripcion>
    <estatus>POR COMPROBAR</estatus>
    <fecha>2018-07-21T00:00:00-05:00</fecha>
    <hora>14:31</hora>
    <autorizo>JMR</autorizo>
    <usuario>JOSE MANUEL DE LA ROSA  AGUILAR</usuario>
    <nooperador>75</nooperador>
    <comprobacionno>53</comprobacionno>
    <folio>92.2018</folio>
  </Retiros>
  <Retiros>
    <caja>MRO-TLA3-11</caja>
    <numcaja>TLA311</numcaja>
    <pertenecea>TULA DE ALLENDE MONTE ROS III</pertenecea>
    <cantidad>2080</cantidad>
    <concepto>Reporte Gastos</concepto>
    <descripcion>COMPROB GASTOS TULA3 FOLIO 93 DE 2018</descripcion>
    <estatus>POR COMPROBAR</estatus>
    <fecha>2018-07-21T00:00:00-05:00</fecha>
    <hora>14:32</hora>
    <autorizo>JMR</autorizo>
    <usuario>JOSE MANUEL DE LA ROSA  AGUILAR</usuario>
    <nooperador>75</nooperador>
    <comprobacionno>54</comprobacionno>
    <folio>93.2018</folio>
  </Retiros>
  <Retiros>
    <caja>MRO-TLA3-11</caja>
    <numcaja>TLA311</numcaja>
    <pertenecea>TULA DE ALLENDE MONTE ROS III</pertenecea>
    <cantidad>330.41</cantidad>
    <concepto>Reporte Gastos</concepto>
    <descripcion>COMPROB GASTOS TULA3 FOLIO 94 DE 2018</descripcion>
    <estatus>POR COMPROBAR</estatus>
    <fecha>2018-07-21T00:00:00-05:00</fecha>
    <hora>14:32</hora>
    <autorizo>JMR</autorizo>
    <usuario>JOSE MANUEL DE LA ROSA  AGUILAR</usuario>
    <nooperador>75</nooperador>
    <comprobacionno>55</comprobacionno>
    <folio>94.2018</folio>
  </Retiros>
  <Retiros>
    <caja>MRO-TLA3-11</caja>
    <numcaja>TLA311</numcaja>
    <pertenecea>TULA DE ALLENDE MONTE ROS III</pertenecea>
    <cantidad>175.99</cantidad>
    <concepto>Reporte Gastos</concepto>
    <descripcion>COMPROB GASTOS TULA3 FOLIO 95 DE 2018</descripcion>
    <estatus>POR COMPROBAR</estatus>
    <fecha>2018-07-21T00:00:00-05:00</fecha>
    <hora>14:32</hora>
    <autorizo>JMR</autorizo>
    <usuario>JOSE MANUEL DE LA ROSA  AGUILAR</usuario>
    <nooperador>75</nooperador>
    <comprobacionno>56</comprobacionno>
    <folio>95.2018</folio>
  </Retiros>
  <Retiros>
    <caja>MRO-TLA3-11</caja>
    <numcaja>TLA311</numcaja>
    <pertenecea>TULA DE ALLENDE MONTE ROS III</pertenecea>
    <cantidad>1972</cantidad>
    <concepto>Reporte Gastos</concepto>
    <descripcion>COMPROB GASTOS TULA3 FOLIO 96 DE 2018</descripcion>
    <estatus>POR COMPROBAR</estatus>
    <fecha>2018-07-21T00:00:00-05:00</fecha>
    <hora>14:33</hora>
    <autorizo>JMR</autorizo>
    <usuario>JOSE MANUEL DE LA ROSA  AGUILAR</usuario>
    <nooperador>75</nooperador>
    <comprobacionno>57</comprobacionno>
    <folio>96.2018</folio>
  </Retiros>
  <Retiros>
    <caja>MRO-TLA3-11</caja>
    <numcaja>TLA311</numcaja>
    <pertenecea>TULA DE ALLENDE MONTE ROS III</pertenecea>
    <cantidad>4265.36</cantidad>
    <concepto>Reporte Gastos</concepto>
    <descripcion>COMPROB GASTOS TULA3 FOLIO 97 DE 2018</descripcion>
    <estatus>POR COMPROBAR</estatus>
    <fecha>2018-07-21T00:00:00-05:00</fecha>
    <hora>14:33</hora>
    <autorizo>JMR</autorizo>
    <usuario>JOSE MANUEL DE LA ROSA  AGUILAR</usuario>
    <nooperador>75</nooperador>
    <comprobacionno>58</comprobacionno>
    <folio>97.2018</folio>
  </Retiros>
  <Retiros>
    <caja>MRO-TLA3-11</caja>
    <numcaja>TLA311</numcaja>
    <pertenecea>TULA DE ALLENDE MONTE ROS III</pertenecea>
    <cantidad>1351.4</cantidad>
    <concepto>Reporte Gastos</concepto>
    <descripcion>COMPROB GASTOS TULA3 FOLIO 98 DE 2018</descripcion>
    <estatus>POR COMPROBAR</estatus>
    <fecha>2018-07-21T00:00:00-05:00</fecha>
    <hora>14:34</hora>
    <autorizo>JMR</autorizo>
    <usuario>JOSE MANUEL DE LA ROSA  AGUILAR</usuario>
    <nooperador>75</nooperador>
    <comprobacionno>59</comprobacionno>
    <folio>98.2018</folio>
  </Retiros>
  <Retiros>
    <caja>MRO-TLA3-11</caja>
    <numcaja>TLA311</numcaja>
    <pertenecea>TULA DE ALLENDE MONTE ROS III</pertenecea>
    <cantidad>9240.24</cantidad>
    <concepto>Reporte Gastos</concepto>
    <descripcion>COMPROB GASTOS TULA3 FOLIO 99 DE 2018</descripcion>
    <estatus>POR COMPROBAR</estatus>
    <fecha>2018-07-21T00:00:00-05:00</fecha>
    <hora>14:34</hora>
    <autorizo>JMR</autorizo>
    <usuario>JOSE MANUEL DE LA ROSA  AGUILAR</usuario>
    <nooperador>75</nooperador>
    <comprobacionno>60</comprobacionno>
    <folio>99.2018</folio>
  </Retiros>
  <Retiros>
    <caja>MRO-TLA3-11</caja>
    <numcaja>TLA311</numcaja>
    <pertenecea>TULA DE ALLENDE MONTE ROS III</pertenecea>
    <cantidad>100</cantidad>
    <concepto>Reporte Gastos</concepto>
    <descripcion>COMPROB GASTOS TULA3 FOLIO 100 DE 2018</descripcion>
    <estatus>POR COMPROBAR</estatus>
    <fecha>2018-07-21T00:00:00-05:00</fecha>
    <hora>14:34</hora>
    <autorizo>JMR</autorizo>
    <usuario>JOSE MANUEL DE LA ROSA  AGUILAR</usuario>
    <nooperador>75</nooperador>
    <comprobacionno>61</comprobacionno>
    <folio>100.2018</folio>
  </Retiros>
  <Retiros>
    <caja>MRO-TLA3-11</caja>
    <numcaja>TLA311</numcaja>
    <pertenecea>TULA DE ALLENDE MONTE ROS III</pertenecea>
    <cantidad>2907.82</cantidad>
    <concepto>Reporte Gastos</concepto>
    <descripcion>COMPROB GASTOS TULA3 FOLIO 101 DE 2018</descripcion>
    <estatus>POR COMPROBAR</estatus>
    <fecha>2018-07-21T00:00:00-05:00</fecha>
    <hora>14:35</hora>
    <autorizo>JMR</autorizo>
    <usuario>JOSE MANUEL DE LA ROSA  AGUILAR</usuario>
    <nooperador>75</nooperador>
    <comprobacionno>62</comprobacionno>
    <folio>101.2018</folio>
  </Retiros>
  <Retiros>
    <caja>MRO-TLA3-11</caja>
    <numcaja>TLA311</numcaja>
    <pertenecea>TULA DE ALLENDE MONTE ROS III</pertenecea>
    <cantidad>15000</cantidad>
    <concepto>Deposito a bancos</concepto>
    <descripcion>DEPO A CHEQUES BANCOMER 27JUL2018</descripcion>
    <estatus>POR COMPROBAR</estatus>
    <fecha>2018-07-28T00:00:00-05:00</fecha>
    <hora>14:10</hora>
    <autorizo>JMR</autorizo>
    <usuario>JOSE MANUEL DE LA ROSA  AGUILAR</usuario>
    <nooperador>75</nooperador>
    <comprobacionno>63</comprobacionno>
    <folio>2707.2018</folio>
  </Retiros>
  <Retiros>
    <caja>MRO-TLA3-11</caja>
    <numcaja>TLA311</numcaja>
    <pertenecea>TULA DE ALLENDE MONTE ROS III</pertenecea>
    <cantidad>20000</cantidad>
    <concepto>Transferencias</concepto>
    <descripcion>TRANSFER A FF ADMINISTRADOR JMR TULA3</descripcion>
    <estatus>POR COMPROBAR</estatus>
    <fecha>2018-07-28T00:00:00-05:00</fecha>
    <hora>14:12</hora>
    <autorizo>JMR</autorizo>
    <usuario>JOSE MANUEL DE LA ROSA  AGUILAR</usuario>
    <nooperador>75</nooperador>
    <comprobacionno>64</comprobacionno>
    <folio>2707.2018</folio>
  </Retiros>
  <Retiros>
    <caja>MRO-TLA3-11</caja>
    <numcaja>TLA311</numcaja>
    <pertenecea>TULA DE ALLENDE MONTE ROS III</pertenecea>
    <cantidad>40000</cantidad>
    <concepto>Deposito a bancos</concepto>
    <descripcion>DEPO A CHEQUES BANCOMER 07 AGO 2017</descripcion>
    <estatus>POR COMPROBAR</estatus>
    <fecha>2018-08-09T00:00:00-05:00</fecha>
    <hora>17:57</hora>
    <autorizo>JMR</autorizo>
    <usuario>JOSE MANUEL DE LA ROSA  AGUILAR</usuario>
    <nooperador>75</nooperador>
    <comprobacionno>65</comprobacionno>
    <folio>0708.2018</folio>
  </Retiros>
  <Retiros>
    <caja>MRO-TLA3-11</caja>
    <numcaja>TLA311</numcaja>
    <pertenecea>TULA DE ALLENDE MONTE ROS III</pertenecea>
    <cantidad>20000</cantidad>
    <concepto>Deposito a bancos</concepto>
    <descripcion>DEPO A CHEQUES BANCOMER 07 AGO 2018</descripcion>
    <estatus>POR COMPROBAR</estatus>
    <fecha>2018-08-09T00:00:00-05:00</fecha>
    <hora>17:59</hora>
    <autorizo>JMR</autorizo>
    <usuario>JOSE MANUEL DE LA ROSA  AGUILAR</usuario>
    <nooperador>75</nooperador>
    <comprobacionno>66</comprobacionno>
    <folio>0708.2018</folio>
  </Retiros>
  <Retiros>
    <caja>MRO-TLA3-11</caja>
    <numcaja>TLA311</numcaja>
    <pertenecea>TULA DE ALLENDE MONTE ROS III</pertenecea>
    <cantidad>965.5</cantidad>
    <concepto>Reporte Gastos</concepto>
    <descripcion>COMPROB GASTOS TULA3 FOLIO 102 DE 2018</descripcion>
    <estatus>POR COMPROBAR</estatus>
    <fecha>2018-08-09T00:00:00-05:00</fecha>
    <hora>18:00</hora>
    <autorizo>JMR</autorizo>
    <usuario>JOSE MANUEL DE LA ROSA  AGUILAR</usuario>
    <nooperador>75</nooperador>
    <comprobacionno>67</comprobacionno>
    <folio>102.2018</folio>
  </Retiros>
  <Retiros>
    <caja>MRO-TLA3-11</caja>
    <numcaja>TLA311</numcaja>
    <pertenecea>TULA DE ALLENDE MONTE ROS III</pertenecea>
    <cantidad>928</cantidad>
    <concepto>Reporte Gastos</concepto>
    <descripcion>COMPROB GASTOS TULA3 FOLIO 103 DE 2018</descripcion>
    <estatus>POR COMPROBAR</estatus>
    <fecha>2018-08-09T00:00:00-05:00</fecha>
    <hora>18:02</hora>
    <autorizo>JMR</autorizo>
    <usuario>JOSE MANUEL DE LA ROSA  AGUILAR</usuario>
    <nooperador>75</nooperador>
    <comprobacionno>68</comprobacionno>
    <folio>103.2018</folio>
  </Retiros>
  <Retiros>
    <caja>MRO-TLA3-11</caja>
    <numcaja>TLA311</numcaja>
    <pertenecea>TULA DE ALLENDE MONTE ROS III</pertenecea>
    <cantidad>928</cantidad>
    <concepto>Reporte Gastos</concepto>
    <descripcion>COMPROB GASTOS TULA3 FOLIO 104 DE 2018</descripcion>
    <estatus>POR COMPROBAR</estatus>
    <fecha>2018-08-09T00:00:00-05:00</fecha>
    <hora>18:03</hora>
    <autorizo>JMR</autorizo>
    <usuario>JOSE MANUEL DE LA ROSA  AGUILAR</usuario>
    <nooperador>75</nooperador>
    <comprobacionno>69</comprobacionno>
    <folio>104.2018</folio>
  </Retiros>
  <Retiros>
    <caja>MRO-TLA3-11</caja>
    <numcaja>TLA311</numcaja>
    <pertenecea>TULA DE ALLENDE MONTE ROS III</pertenecea>
    <cantidad>241.28</cantidad>
    <concepto>Reporte Gastos</concepto>
    <descripcion>COMPROB GASTOS TULA3 FOLIO 105 DE 2018</descripcion>
    <estatus>POR COMPROBAR</estatus>
    <fecha>2018-08-09T00:00:00-05:00</fecha>
    <hora>18:03</hora>
    <autorizo>JMR</autorizo>
    <usuario>JOSE MANUEL DE LA ROSA  AGUILAR</usuario>
    <nooperador>75</nooperador>
    <comprobacionno>70</comprobacionno>
    <folio>105.2018</folio>
  </Retiros>
  <Retiros>
    <caja>MRO-TLA3-11</caja>
    <numcaja>TLA311</numcaja>
    <pertenecea>TULA DE ALLENDE MONTE ROS III</pertenecea>
    <cantidad>1783.1</cantidad>
    <concepto>Reporte Gastos</concepto>
    <descripcion>COMPROB GASTOS TULA3 FOLIO 106 DE 2018</descripcion>
    <estatus>POR COMPROBAR</estatus>
    <fecha>2018-08-09T00:00:00-05:00</fecha>
    <hora>18:04</hora>
    <autorizo>JMR</autorizo>
    <usuario>JOSE MANUEL DE LA ROSA  AGUILAR</usuario>
    <nooperador>75</nooperador>
    <comprobacionno>71</comprobacionno>
    <folio>106.2018</folio>
  </Retiros>
  <Retiros>
    <caja>MRO-TLA3-11</caja>
    <numcaja>TLA311</numcaja>
    <pertenecea>TULA DE ALLENDE MONTE ROS III</pertenecea>
    <cantidad>59</cantidad>
    <concepto>Reporte Gastos</concepto>
    <descripcion>COMPROB GASTOS TULA3 FOLIO 107 DE 2018</descripcion>
    <estatus>POR COMPROBAR</estatus>
    <fecha>2018-08-09T00:00:00-05:00</fecha>
    <hora>18:04</hora>
    <autorizo>JMR</autorizo>
    <usuario>JOSE MANUEL DE LA ROSA  AGUILAR</usuario>
    <nooperador>75</nooperador>
    <comprobacionno>72</comprobacionno>
    <folio>107.2018</folio>
  </Retiros>
  <Retiros>
    <caja>MRO-TLA3-11</caja>
    <numcaja>TLA311</numcaja>
    <pertenecea>TULA DE ALLENDE MONTE ROS III</pertenecea>
    <cantidad>60</cantidad>
    <concepto>Reporte Gastos</concepto>
    <descripcion>COMPROB GASTOS TULA3 FOLIO 108 DE 2018</descripcion>
    <estatus>POR COMPROBAR</estatus>
    <fecha>2018-08-09T00:00:00-05:00</fecha>
    <hora>18:04</hora>
    <autorizo>JMR</autorizo>
    <usuario>JOSE MANUEL DE LA ROSA  AGUILAR</usuario>
    <nooperador>75</nooperador>
    <comprobacionno>73</comprobacionno>
    <folio>108.2018</folio>
  </Retiros>
  <Retiros>
    <caja>MRO-TLA3-11</caja>
    <numcaja>TLA311</numcaja>
    <pertenecea>TULA DE ALLENDE MONTE ROS III</pertenecea>
    <cantidad>102.5</cantidad>
    <concepto>Reporte Gastos</concepto>
    <descripcion>COMPROB GASTOS TULA3 FOLIO 109 DE 2018</descripcion>
    <estatus>POR COMPROBAR</estatus>
    <fecha>2018-08-09T00:00:00-05:00</fecha>
    <hora>18:05</hora>
    <autorizo>JMR</autorizo>
    <usuario>JOSE MANUEL DE LA ROSA  AGUILAR</usuario>
    <nooperador>75</nooperador>
    <comprobacionno>74</comprobacionno>
    <folio>109.2018</folio>
  </Retiros>
  <Retiros>
    <caja>MRO-TLA3-11</caja>
    <numcaja>TLA311</numcaja>
    <pertenecea>TULA DE ALLENDE MONTE ROS III</pertenecea>
    <cantidad>1459.99</cantidad>
    <concepto>Reporte Gastos</concepto>
    <descripcion>COMPROB GASTOS TULA3 FOLIO 110 DE 2018</descripcion>
    <estatus>POR COMPROBAR</estatus>
    <fecha>2018-08-09T00:00:00-05:00</fecha>
    <hora>18:06</hora>
    <autorizo>JMR</autorizo>
    <usuario>JOSE MANUEL DE LA ROSA  AGUILAR</usuario>
    <nooperador>75</nooperador>
    <comprobacionno>75</comprobacionno>
    <folio>110.2018</folio>
  </Retiros>
  <Retiros>
    <caja>MRO-TLA3-11</caja>
    <numcaja>TLA311</numcaja>
    <pertenecea>TULA DE ALLENDE MONTE ROS III</pertenecea>
    <cantidad>330.41</cantidad>
    <concepto>Reporte Gastos</concepto>
    <descripcion>COMPROB GASTOS TULA3 FOLIO 111 DE 2018</descripcion>
    <estatus>POR COMPROBAR</estatus>
    <fecha>2018-08-09T00:00:00-05:00</fecha>
    <hora>18:06</hora>
    <autorizo>JMR</autorizo>
    <usuario>JOSE MANUEL DE LA ROSA  AGUILAR</usuario>
    <nooperador>75</nooperador>
    <comprobacionno>76</comprobacionno>
    <folio>111.218</folio>
  </Retiros>
  <Retiros>
    <caja>MRO-TLA3-11</caja>
    <numcaja>TLA311</numcaja>
    <pertenecea>TULA DE ALLENDE MONTE ROS III</pertenecea>
    <cantidad>40000</cantidad>
    <concepto>Transferencias</concepto>
    <descripcion>TRANSFER A FF ADMINISTRADOR JMR TULA3</descripcion>
    <estatus>POR COMPROBAR</estatus>
    <fecha>2018-08-25T00:00:00-05:00</fecha>
    <hora>10:58</hora>
    <autorizo>JMR</autorizo>
    <usuario>JOSE MANUEL DE LA ROSA  AGUILAR</usuario>
    <nooperador>75</nooperador>
    <comprobacionno>77</comprobacionno>
    <folio>082018</folio>
  </Retiros>
  <Retiros>
    <caja>MRO-TLA3-11</caja>
    <numcaja>TLA311</numcaja>
    <pertenecea>TULA DE ALLENDE MONTE ROS III</pertenecea>
    <cantidad>178.05</cantidad>
    <concepto>Reporte Gastos</concepto>
    <descripcion>COMPROB GASTOS TULA3 FOLIO 112 DE 2018</descripcion>
    <estatus>POR COMPROBAR</estatus>
    <fecha>2018-09-01T00:00:00-05:00</fecha>
    <hora>10:53</hora>
    <autorizo>JMR</autorizo>
    <usuario>JOSE MANUEL DE LA ROSA  AGUILAR</usuario>
    <nooperador>75</nooperador>
    <comprobacionno>78</comprobacionno>
    <folio>112.2018</folio>
  </Retiros>
  <Retiros>
    <caja>MRO-TLA3-11</caja>
    <numcaja>TLA311</numcaja>
    <pertenecea>TULA DE ALLENDE MONTE ROS III</pertenecea>
    <cantidad>7270.8</cantidad>
    <concepto>Reporte Gastos</concepto>
    <descripcion>COMPROB GASTOS TULA3 FOLIO 113 DE 2018</descripcion>
    <estatus>POR COMPROBAR</estatus>
    <fecha>2018-09-01T00:00:00-05:00</fecha>
    <hora>10:53</hora>
    <autorizo>JMR</autorizo>
    <usuario>JOSE MANUEL DE LA ROSA  AGUILAR</usuario>
    <nooperador>75</nooperador>
    <comprobacionno>79</comprobacionno>
    <folio>113.2018</folio>
  </Retiros>
  <Retiros>
    <caja>MRO-TLA3-11</caja>
    <numcaja>TLA311</numcaja>
    <pertenecea>TULA DE ALLENDE MONTE ROS III</pertenecea>
    <cantidad>7656</cantidad>
    <concepto>Reporte Gastos</concepto>
    <descripcion>COMPROB GASTOS TULA3 FOLIO 114 DE 2018</descripcion>
    <estatus>POR COMPROBAR</estatus>
    <fecha>2018-09-01T00:00:00-05:00</fecha>
    <hora>10:54</hora>
    <autorizo>JMR</autorizo>
    <usuario>JOSE MANUEL DE LA ROSA  AGUILAR</usuario>
    <nooperador>75</nooperador>
    <comprobacionno>80</comprobacionno>
    <folio>114.2018</folio>
  </Retiros>
  <Retiros>
    <caja>MRO-TLA3-11</caja>
    <numcaja>TLA311</numcaja>
    <pertenecea>TULA DE ALLENDE MONTE ROS III</pertenecea>
    <cantidad>4000</cantidad>
    <concepto>Reporte Gastos</concepto>
    <descripcion>COMPROB GASTOS TULA3 FOLIO 115 DE 2018</descripcion>
    <estatus>POR COMPROBAR</estatus>
    <fecha>2018-09-01T00:00:00-05:00</fecha>
    <hora>10:55</hora>
    <autorizo>JMR</autorizo>
    <usuario>JOSE MANUEL DE LA ROSA  AGUILAR</usuario>
    <nooperador>75</nooperador>
    <comprobacionno>81</comprobacionno>
    <folio>115.2018</folio>
  </Retiros>
  <Retiros>
    <caja>MRO-TLA3-11</caja>
    <numcaja>TLA311</numcaja>
    <pertenecea>TULA DE ALLENDE MONTE ROS III</pertenecea>
    <cantidad>6800</cantidad>
    <concepto>Reporte Gastos</concepto>
    <descripcion>COMPROB GASTOS TULA3 FOLIO 116 DE 2018</descripcion>
    <estatus>POR COMPROBAR</estatus>
    <fecha>2018-09-01T00:00:00-05:00</fecha>
    <hora>10:55</hora>
    <autorizo>JMR</autorizo>
    <usuario>JOSE MANUEL DE LA ROSA  AGUILAR</usuario>
    <nooperador>75</nooperador>
    <comprobacionno>82</comprobacionno>
    <folio>116.2018</folio>
  </Retiros>
  <Retiros>
    <caja>MRO-TLA3-11</caja>
    <numcaja>TLA311</numcaja>
    <pertenecea>TULA DE ALLENDE MONTE ROS III</pertenecea>
    <cantidad>511.68</cantidad>
    <concepto>Reporte Gastos</concepto>
    <descripcion>COMPROB GASTOS TULA3 FOLIO 113 DE 2018</descripcion>
    <estatus>POR COMPROBAR</estatus>
    <fecha>2018-09-01T00:00:00-05:00</fecha>
    <hora>10:56</hora>
    <autorizo>JMR</autorizo>
    <usuario>JOSE MANUEL DE LA ROSA  AGUILAR</usuario>
    <nooperador>75</nooperador>
    <comprobacionno>83</comprobacionno>
    <folio>117.2018</folio>
  </Retiros>
  <Retiros>
    <caja>MRO-TLA3-11</caja>
    <numcaja>TLA311</numcaja>
    <pertenecea>TULA DE ALLENDE MONTE ROS III</pertenecea>
    <cantidad>608.55</cantidad>
    <concepto>Reporte Gastos</concepto>
    <descripcion>COMPROB GASTOS TULA3 FOLIO 113 DE 2018</descripcion>
    <estatus>POR COMPROBAR</estatus>
    <fecha>2018-09-01T00:00:00-05:00</fecha>
    <hora>10:56</hora>
    <autorizo>JMR</autorizo>
    <usuario>JOSE MANUEL DE LA ROSA  AGUILAR</usuario>
    <nooperador>75</nooperador>
    <comprobacionno>84</comprobacionno>
    <folio>118.2018</folio>
  </Retiros>
  <Retiros>
    <caja>MRO-TLA3-11</caja>
    <numcaja>TLA311</numcaja>
    <pertenecea>TULA DE ALLENDE MONTE ROS III</pertenecea>
    <cantidad>1666.74</cantidad>
    <concepto>Reporte Gastos</concepto>
    <descripcion>COMPROB GASTOS TULA3 FOLIO 113 DE 2018</descripcion>
    <estatus>POR COMPROBAR</estatus>
    <fecha>2018-09-01T00:00:00-05:00</fecha>
    <hora>10:56</hora>
    <autorizo>JMR</autorizo>
    <usuario>JOSE MANUEL DE LA ROSA  AGUILAR</usuario>
    <nooperador>75</nooperador>
    <comprobacionno>85</comprobacionno>
    <folio>119.2018</folio>
  </Retiros>
  <Retiros>
    <caja>MRO-TLA3-11</caja>
    <numcaja>TLA311</numcaja>
    <pertenecea>TULA DE ALLENDE MONTE ROS III</pertenecea>
    <cantidad>2948.92</cantidad>
    <concepto>Reporte Gastos</concepto>
    <descripcion>COMPROB GASTOS TULA3 FOLIO 113 DE 2018</descripcion>
    <estatus>POR COMPROBAR</estatus>
    <fecha>2018-09-01T00:00:00-05:00</fecha>
    <hora>10:57</hora>
    <autorizo>JMR</autorizo>
    <usuario>JOSE MANUEL DE LA ROSA  AGUILAR</usuario>
    <nooperador>75</nooperador>
    <comprobacionno>86</comprobacionno>
    <folio>120.2018</folio>
  </Retiros>
  <Retiros>
    <caja>MRO-TLA3-11</caja>
    <numcaja>TLA311</numcaja>
    <pertenecea>TULA DE ALLENDE MONTE ROS III</pertenecea>
    <cantidad>1282.49</cantidad>
    <concepto>Reporte Gastos</concepto>
    <descripcion>COMPROB GASTOS TULA3 FOLIO 121 DE 2018</descripcion>
    <estatus>POR COMPROBAR</estatus>
    <fecha>2018-09-01T00:00:00-05:00</fecha>
    <hora>10:57</hora>
    <autorizo>JMR</autorizo>
    <usuario>JOSE MANUEL DE LA ROSA  AGUILAR</usuario>
    <nooperador>75</nooperador>
    <comprobacionno>87</comprobacionno>
    <folio>121.2018</folio>
  </Retiros>
  <Retiros>
    <caja>MRO-TLA3-12</caja>
    <numcaja>TLA312</numcaja>
    <pertenecea>TULA DE ALLENDE MONTE ROS III</pertenecea>
    <cantidad>15000</cantidad>
    <concepto>Transferencias</concepto>
    <descripcion>TRANSFER A FF ADMIN JMR TULA3</descripcion>
    <estatus>POR COMPROBAR</estatus>
    <fecha>2018-09-08T00:00:00-05:00</fecha>
    <hora>11:31</hora>
    <autorizo>JMR</autorizo>
    <usuario>JOSE MANUEL DE LA ROSA  AGUILAR</usuario>
    <nooperador>75</nooperador>
    <comprobacionno>88</comprobacionno>
    <folio>092018</folio>
  </Retiros>
  <Retiros>
    <caja>MRO-TLA3-11</caja>
    <numcaja>TLA311</numcaja>
    <pertenecea>TULA DE ALLENDE MONTE ROS III</pertenecea>
    <cantidad>420</cantidad>
    <concepto>Reporte Gastos</concepto>
    <descripcion>COMPROB GASTOS TULA3 FOLIO 122 DE 2018</descripcion>
    <estatus>POR COMPROBAR</estatus>
    <fecha>2018-09-13T00:00:00-05:00</fecha>
    <hora>17:13</hora>
    <autorizo>JMR</autorizo>
    <usuario>JOSE MANUEL DE LA ROSA  AGUILAR</usuario>
    <nooperador>75</nooperador>
    <comprobacionno>89</comprobacionno>
    <folio>122.2018</folio>
  </Retiros>
  <Retiros>
    <caja>MRO-TLA3-11</caja>
    <numcaja>TLA311</numcaja>
    <pertenecea>TULA DE ALLENDE MONTE ROS III</pertenecea>
    <cantidad>180</cantidad>
    <concepto>Reporte Gastos</concepto>
    <descripcion>COMPROB GASTOS TULA3 FOLIO 123 DE 2018</descripcion>
    <estatus>POR COMPROBAR</estatus>
    <fecha>2018-09-13T00:00:00-05:00</fecha>
    <hora>17:14</hora>
    <autorizo>JMR</autorizo>
    <usuario>JOSE MANUEL DE LA ROSA  AGUILAR</usuario>
    <nooperador>75</nooperador>
    <comprobacionno>90</comprobacionno>
    <folio>123.2018</folio>
  </Retiros>
  <Retiros>
    <caja>MRO-TLA3-11</caja>
    <numcaja>TLA311</numcaja>
    <pertenecea>TULA DE ALLENDE MONTE ROS III</pertenecea>
    <cantidad>2499.73</cantidad>
    <concepto>Reporte Gastos</concepto>
    <descripcion>COMPROB GASTOS TULA3 FOLIO 124 DE 2018</descripcion>
    <estatus>POR COMPROBAR</estatus>
    <fecha>2018-09-13T00:00:00-05:00</fecha>
    <hora>17:14</hora>
    <autorizo>JMR</autorizo>
    <usuario>JOSE MANUEL DE LA ROSA  AGUILAR</usuario>
    <nooperador>75</nooperador>
    <comprobacionno>91</comprobacionno>
    <folio>124.2018</folio>
  </Retiros>
  <Retiros>
    <caja>MRO-TLA3-11</caja>
    <numcaja>TLA311</numcaja>
    <pertenecea>TULA DE ALLENDE MONTE ROS III</pertenecea>
    <cantidad>1780</cantidad>
    <concepto>Reporte Gastos</concepto>
    <descripcion>COMPROB GASTOS TULA3 FOLIO 125 DE 2018</descripcion>
    <estatus>POR COMPROBAR</estatus>
    <fecha>2018-09-13T00:00:00-05:00</fecha>
    <hora>17:14</hora>
    <autorizo>JMR</autorizo>
    <usuario>JOSE MANUEL DE LA ROSA  AGUILAR</usuario>
    <nooperador>75</nooperador>
    <comprobacionno>92</comprobacionno>
    <folio>125.2018</folio>
  </Retiros>
  <Retiros>
    <caja>MRO-TLA3-11</caja>
    <numcaja>TLA311</numcaja>
    <pertenecea>TULA DE ALLENDE MONTE ROS III</pertenecea>
    <cantidad>1219.69</cantidad>
    <concepto>Reporte Gastos</concepto>
    <descripcion>COMPROB GASTOS TULA3 FOLIO 126 DE 2018</descripcion>
    <estatus>POR COMPROBAR</estatus>
    <fecha>2018-09-13T00:00:00-05:00</fecha>
    <hora>17:15</hora>
    <autorizo>JMR</autorizo>
    <usuario>JOSE MANUEL DE LA ROSA  AGUILAR</usuario>
    <nooperador>75</nooperador>
    <comprobacionno>93</comprobacionno>
    <folio>126.2018</folio>
  </Retiros>
  <Retiros>
    <caja>MRO-TLA3-11</caja>
    <numcaja>TLA311</numcaja>
    <pertenecea>TULA DE ALLENDE MONTE ROS III</pertenecea>
    <cantidad>400</cantidad>
    <concepto>Reporte Gastos</concepto>
    <descripcion>COMPROB GASTOS TULA3 FOLIO 127 DE 2018</descripcion>
    <estatus>POR COMPROBAR</estatus>
    <fecha>2018-09-13T00:00:00-05:00</fecha>
    <hora>17:15</hora>
    <autorizo>JMR</autorizo>
    <usuario>JOSE MANUEL DE LA ROSA  AGUILAR</usuario>
    <nooperador>75</nooperador>
    <comprobacionno>94</comprobacionno>
    <folio>127.2018</folio>
  </Retiros>
  <Retiros>
    <caja>MRO-TLA3-11</caja>
    <numcaja>TLA311</numcaja>
    <pertenecea>TULA DE ALLENDE MONTE ROS III</pertenecea>
    <cantidad>1266.35</cantidad>
    <concepto>Reporte Gastos</concepto>
    <descripcion>COMPROB GASTOS TULA3 FOLIO 128 DE 2018</descripcion>
    <estatus>POR COMPROBAR</estatus>
    <fecha>2018-09-13T00:00:00-05:00</fecha>
    <hora>17:15</hora>
    <autorizo>JMR</autorizo>
    <usuario>JOSE MANUEL DE LA ROSA  AGUILAR</usuario>
    <nooperador>75</nooperador>
    <comprobacionno>95</comprobacionno>
    <folio>128.2018</folio>
  </Retiros>
  <Retiros>
    <caja>MRO-TLA3-11</caja>
    <numcaja>TLA311</numcaja>
    <pertenecea>TULA DE ALLENDE MONTE ROS III</pertenecea>
    <cantidad>67.5</cantidad>
    <concepto>Reporte Gastos</concepto>
    <descripcion>COMPROB GASTOS TULA3 FOLIO 129 DE 2018</descripcion>
    <estatus>POR COMPROBAR</estatus>
    <fecha>2018-09-13T00:00:00-05:00</fecha>
    <hora>17:16</hora>
    <autorizo>JMR</autorizo>
    <usuario>JOSE MANUEL DE LA ROSA  AGUILAR</usuario>
    <nooperador>75</nooperador>
    <comprobacionno>96</comprobacionno>
    <folio>129.2018</folio>
  </Retiros>
  <Retiros>
    <caja>MRO-TLA3-11</caja>
    <numcaja>TLA311</numcaja>
    <pertenecea>TULA DE ALLENDE MONTE ROS III</pertenecea>
    <cantidad>139.9</cantidad>
    <concepto>Reporte Gastos</concepto>
    <descripcion>COMPROB GASTOS TULA3 FOLIO 130 DE 2018</descripcion>
    <estatus>POR COMPROBAR</estatus>
    <fecha>2018-09-13T00:00:00-05:00</fecha>
    <hora>17:16</hora>
    <autorizo>JMR</autorizo>
    <usuario>JOSE MANUEL DE LA ROSA  AGUILAR</usuario>
    <nooperador>75</nooperador>
    <comprobacionno>97</comprobacionno>
    <folio>130.2018</folio>
  </Retiros>
  <Retiros>
    <caja>MRO-TLA3-11</caja>
    <numcaja>TLA311</numcaja>
    <pertenecea>TULA DE ALLENDE MONTE ROS III</pertenecea>
    <cantidad>1856</cantidad>
    <concepto>Reporte Gastos</concepto>
    <descripcion>COMPROB GASTOS TULA3 FOLIO 131 DE 2018</descripcion>
    <estatus>POR COMPROBAR</estatus>
    <fecha>2018-09-13T00:00:00-05:00</fecha>
    <hora>17:17</hora>
    <autorizo>JMR</autorizo>
    <usuario>JOSE MANUEL DE LA ROSA  AGUILAR</usuario>
    <nooperador>75</nooperador>
    <comprobacionno>98</comprobacionno>
    <folio>131.2018</folio>
  </Retiros>
  <Retiros>
    <caja>MRO-TLA3-11</caja>
    <numcaja>TLA311</numcaja>
    <pertenecea>TULA DE ALLENDE MONTE ROS III</pertenecea>
    <cantidad>358.48</cantidad>
    <concepto>Reporte Gastos</concepto>
    <descripcion>COMPROB GASTOS TULA3 FOLIO 132 DE 2018</descripcion>
    <estatus>POR COMPROBAR</estatus>
    <fecha>2018-09-13T00:00:00-05:00</fecha>
    <hora>17:17</hora>
    <autorizo>JMR</autorizo>
    <usuario>JOSE MANUEL DE LA ROSA  AGUILAR</usuario>
    <nooperador>75</nooperador>
    <comprobacionno>99</comprobacionno>
    <folio>132.2018</folio>
  </Retiros>
  <Retiros>
    <caja>MRO-TLA3-11</caja>
    <numcaja>TLA311</numcaja>
    <pertenecea>TULA DE ALLENDE MONTE ROS III</pertenecea>
    <cantidad>25000</cantidad>
    <concepto>Transferencias</concepto>
    <descripcion>TRANSFER A FF ADMINISTRADOR JMR TULA3</descripcion>
    <estatus>POR COMPROBAR</estatus>
    <fecha>2018-09-13T00:00:00-05:00</fecha>
    <hora>17:18</hora>
    <autorizo>JMR</autorizo>
    <usuario>JOSE MANUEL DE LA ROSA  AGUILAR</usuario>
    <nooperador>75</nooperador>
    <comprobacionno>100</comprobacionno>
    <folio>09.2018</folio>
  </Retiros>
  <Retiros>
    <caja>MRO-TLA3-12</caja>
    <numcaja>TLA312</numcaja>
    <pertenecea>TULA DE ALLENDE MONTE ROS III</pertenecea>
    <cantidad>30000</cantidad>
    <concepto>Deposito a bancos</concepto>
    <descripcion>DEPO A CHEQUES BANCOMER 20 SEP 2018 1 DE 2</descripcion>
    <estatus>POR COMPROBAR</estatus>
    <fecha>2018-09-22T00:00:00-05:00</fecha>
    <hora>12:06</hora>
    <autorizo>JMR</autorizo>
    <usuario>JOSE MANUEL DE LA ROSA  AGUILAR</usuario>
    <nooperador>75</nooperador>
    <comprobacionno>101</comprobacionno>
    <folio>2009.2018</folio>
  </Retiros>
  <Retiros>
    <caja>MRO-TLA3-12</caja>
    <numcaja>TLA312</numcaja>
    <pertenecea>TULA DE ALLENDE MONTE ROS III</pertenecea>
    <cantidad>30000</cantidad>
    <concepto>Deposito a bancos</concepto>
    <descripcion>DEPO A CHEQUES BANCOMER 20 SEP 218 2 DE 2</descripcion>
    <estatus>POR COMPROBAR</estatus>
    <fecha>2018-09-22T00:00:00-05:00</fecha>
    <hora>12:07</hora>
    <autorizo>JMR</autorizo>
    <usuario>JOSE MANUEL DE LA ROSA  AGUILAR</usuario>
    <nooperador>75</nooperador>
    <comprobacionno>102</comprobacionno>
    <folio>2009.2018</folio>
  </Retiros>
  <Retiros>
    <caja>MRO-TLA3-11</caja>
    <numcaja>TLA311</numcaja>
    <pertenecea>TULA DE ALLENDE MONTE ROS III</pertenecea>
    <cantidad>30000</cantidad>
    <concepto>Deposito a bancos</concepto>
    <descripcion>DEPO A CHEQUES BANCOMER 21 SEP 218 1 DE 2</descripcion>
    <estatus>POR COMPROBAR</estatus>
    <fecha>2018-09-22T00:00:00-05:00</fecha>
    <hora>12:07</hora>
    <autorizo>JMR</autorizo>
    <usuario>JOSE MANUEL DE LA ROSA  AGUILAR</usuario>
    <nooperador>75</nooperador>
    <comprobacionno>103</comprobacionno>
    <folio>2109.2018</folio>
  </Retiros>
  <Retiros>
    <caja>MRO-TLA3-11</caja>
    <numcaja>TLA311</numcaja>
    <pertenecea>TULA DE ALLENDE MONTE ROS III</pertenecea>
    <cantidad>30000</cantidad>
    <concepto>Deposito a bancos</concepto>
    <descripcion>DEPO A CHEQUES BANCOMER 21 SEP 218 2 DE 2</descripcion>
    <estatus>POR COMPROBAR</estatus>
    <fecha>2018-09-22T00:00:00-05:00</fecha>
    <hora>12:08</hora>
    <autorizo>JMR</autorizo>
    <usuario>JOSE MANUEL DE LA ROSA  AGUILAR</usuario>
    <nooperador>75</nooperador>
    <comprobacionno>104</comprobacionno>
    <folio>2109.2018</folio>
  </Retiros>
  <Retiros>
    <caja>MRO-TLA3-11</caja>
    <numcaja>TLA311</numcaja>
    <pertenecea>TULA DE ALLENDE MONTE ROS III</pertenecea>
    <cantidad>10000</cantidad>
    <concepto>Transferencias</concepto>
    <descripcion>TRANSFER A FF ADMINISTRADOR JMR</descripcion>
    <estatus>POR COMPROBAR</estatus>
    <fecha>2018-09-22T00:00:00-05:00</fecha>
    <hora>12:10</hora>
    <autorizo>JMR</autorizo>
    <usuario>JOSE MANUEL DE LA ROSA  AGUILAR</usuario>
    <nooperador>75</nooperador>
    <comprobacionno>105</comprobacionno>
    <folio>09.2018</folio>
  </Retiros>
  <Retiros>
    <caja>MRO-TLA3-11</caja>
    <numcaja>TLA311</numcaja>
    <pertenecea>TULA DE ALLENDE MONTE ROS III</pertenecea>
    <cantidad>200</cantidad>
    <concepto>Reporte Gastos</concepto>
    <descripcion>COMPROB GASTOS TULA3 FOLIO 133 DE 2018</descripcion>
    <estatus>POR COMPROBAR</estatus>
    <fecha>2018-09-28T00:00:00-05:00</fecha>
    <hora>17:57</hora>
    <autorizo>JMR</autorizo>
    <usuario>JOSE MANUEL DE LA ROSA  AGUILAR</usuario>
    <nooperador>75</nooperador>
    <comprobacionno>106</comprobacionno>
    <folio>133.2018</folio>
  </Retiros>
  <Retiros>
    <caja>MRO-TLA3-11</caja>
    <numcaja>TLA311</numcaja>
    <pertenecea>TULA DE ALLENDE MONTE ROS III</pertenecea>
    <cantidad>108</cantidad>
    <concepto>Reporte Gastos</concepto>
    <descripcion>COMPROB GASTOS TULA3 FOLIO 134 DE 2018</descripcion>
    <estatus>POR COMPROBAR</estatus>
    <fecha>2018-09-28T00:00:00-05:00</fecha>
    <hora>17:57</hora>
    <autorizo>JMR</autorizo>
    <usuario>JOSE MANUEL DE LA ROSA  AGUILAR</usuario>
    <nooperador>75</nooperador>
    <comprobacionno>107</comprobacionno>
    <folio>134.2018</folio>
  </Retiros>
  <Retiros>
    <caja>MRO-TLA3-11</caja>
    <numcaja>TLA311</numcaja>
    <pertenecea>TULA DE ALLENDE MONTE ROS III</pertenecea>
    <cantidad>1830.65</cantidad>
    <concepto>Reporte Gastos</concepto>
    <descripcion>COMPROB GASTOS TULA3 FOLIO 135 DE 2018</descripcion>
    <estatus>POR COMPROBAR</estatus>
    <fecha>2018-09-28T00:00:00-05:00</fecha>
    <hora>17:57</hora>
    <autorizo>JMR</autorizo>
    <usuario>JOSE MANUEL DE LA ROSA  AGUILAR</usuario>
    <nooperador>75</nooperador>
    <comprobacionno>108</comprobacionno>
    <folio>135.2018</folio>
  </Retiros>
  <Retiros>
    <caja>MRO-TLA3-11</caja>
    <numcaja>TLA311</numcaja>
    <pertenecea>TULA DE ALLENDE MONTE ROS III</pertenecea>
    <cantidad>139.15</cantidad>
    <concepto>Reporte Gastos</concepto>
    <descripcion>COMPROB GASTOS TULA3 FOLIO 136 DE 2018</descripcion>
    <estatus>POR COMPROBAR</estatus>
    <fecha>2018-09-28T00:00:00-05:00</fecha>
    <hora>17:59</hora>
    <autorizo>JMR</autorizo>
    <usuario>JOSE MANUEL DE LA ROSA  AGUILAR</usuario>
    <nooperador>75</nooperador>
    <comprobacionno>109</comprobacionno>
    <folio>136.2018</folio>
  </Retiros>
  <Retiros>
    <caja>MRO-TLA3-11</caja>
    <numcaja>TLA311</numcaja>
    <pertenecea>TULA DE ALLENDE MONTE ROS III</pertenecea>
    <cantidad>50</cantidad>
    <concepto>Reporte Gastos</concepto>
    <descripcion>COMPROB GASTOS TULA3 FOLIO 137 DE 2018</descripcion>
    <estatus>POR COMPROBAR</estatus>
    <fecha>2018-09-28T00:00:00-05:00</fecha>
    <hora>17:59</hora>
    <autorizo>JMR</autorizo>
    <usuario>JOSE MANUEL DE LA ROSA  AGUILAR</usuario>
    <nooperador>75</nooperador>
    <comprobacionno>110</comprobacionno>
    <folio>137.2018</folio>
  </Retiros>
  <Retiros>
    <caja>MRO-TLA3-11</caja>
    <numcaja>TLA311</numcaja>
    <pertenecea>TULA DE ALLENDE MONTE ROS III</pertenecea>
    <cantidad>14656</cantidad>
    <concepto>Reporte Gastos</concepto>
    <descripcion>COMPROB GASTOS TULA3 FOLIO 138 DE 2018</descripcion>
    <estatus>POR COMPROBAR</estatus>
    <fecha>2018-09-28T00:00:00-05:00</fecha>
    <hora>18:00</hora>
    <autorizo>JMR</autorizo>
    <usuario>JOSE MANUEL DE LA ROSA  AGUILAR</usuario>
    <nooperador>75</nooperador>
    <comprobacionno>111</comprobacionno>
    <folio>138.2018</folio>
  </Retiros>
  <Retiros>
    <caja>MRO-TLA3-11</caja>
    <numcaja>TLA311</numcaja>
    <pertenecea>TULA DE ALLENDE MONTE ROS III</pertenecea>
    <cantidad>5300</cantidad>
    <concepto>Reporte Gastos</concepto>
    <descripcion>COMPROB GASTOS TULA3 FOLIO 139 DE 2018</descripcion>
    <estatus>POR COMPROBAR</estatus>
    <fecha>2018-09-28T00:00:00-05:00</fecha>
    <hora>18:01</hora>
    <autorizo>JMR</autorizo>
    <usuario>JOSE MANUEL DE LA ROSA  AGUILAR</usuario>
    <nooperador>75</nooperador>
    <comprobacionno>112</comprobacionno>
    <folio>139.2018</folio>
  </Retiros>
  <Retiros>
    <caja>MRO-TLA3-11</caja>
    <numcaja>TLA311</numcaja>
    <pertenecea>TULA DE ALLENDE MONTE ROS III</pertenecea>
    <cantidad>185.29</cantidad>
    <concepto>Reporte Gastos</concepto>
    <descripcion>COMPROB GASTOS TULA3 FOLIO 140 DE 2018</descripcion>
    <estatus>POR COMPROBAR</estatus>
    <fecha>2018-09-28T00:00:00-05:00</fecha>
    <hora>18:01</hora>
    <autorizo>JMR</autorizo>
    <usuario>JOSE MANUEL DE LA ROSA  AGUILAR</usuario>
    <nooperador>75</nooperador>
    <comprobacionno>113</comprobacionno>
    <folio>140.2018</folio>
  </Retiros>
  <Retiros>
    <caja>MRO-TLA3-11</caja>
    <numcaja>TLA311</numcaja>
    <pertenecea>TULA DE ALLENDE MONTE ROS III</pertenecea>
    <cantidad>15000</cantidad>
    <concepto>Deposito a bancos</concepto>
    <descripcion>DEPO A CHEQUES BANCOMER 28 SEP 2018</descripcion>
    <estatus>POR COMPROBAR</estatus>
    <fecha>2018-09-28T00:00:00-05:00</fecha>
    <hora>18:06</hora>
    <autorizo>JMR</autorizo>
    <usuario>JOSE MANUEL DE LA ROSA  AGUILAR</usuario>
    <nooperador>75</nooperador>
    <comprobacionno>114</comprobacionno>
    <folio>2809.2018</folio>
  </Retiros>
  <Retiros>
    <caja>MRO-TLA3-11</caja>
    <numcaja>TLA311</numcaja>
    <pertenecea>TULA DE ALLENDE MONTE ROS III</pertenecea>
    <cantidad>25000</cantidad>
    <concepto>Deposito a bancos</concepto>
    <descripcion>DEPO A CHEQUES BANCOMER 05 OCT 2018 1 DE 2</descripcion>
    <estatus>POR COMPROBAR</estatus>
    <fecha>2018-10-06T00:00:00-05:00</fecha>
    <hora>14:32</hora>
    <autorizo>JMR</autorizo>
    <usuario>JOSE MANUEL DE LA ROSA  AGUILAR</usuario>
    <nooperador>75</nooperador>
    <comprobacionno>115</comprobacionno>
    <folio>0510.2018</folio>
  </Retiros>
  <Retiros>
    <caja>MRO-TLA3-11</caja>
    <numcaja>TLA311</numcaja>
    <pertenecea>TULA DE ALLENDE MONTE ROS III</pertenecea>
    <cantidad>25000</cantidad>
    <concepto>Deposito a bancos</concepto>
    <descripcion>DEPO A CHEQUES BANCOMER 05 OCT 2018 2 DE 2</descripcion>
    <estatus>POR COMPROBAR</estatus>
    <fecha>2018-10-06T00:00:00-05:00</fecha>
    <hora>14:33</hora>
    <autorizo>JMR</autorizo>
    <usuario>JOSE MANUEL DE LA ROSA  AGUILAR</usuario>
    <nooperador>75</nooperador>
    <comprobacionno>116</comprobacionno>
    <folio>0510.20182</folio>
  </Retiros>
  <Retiros>
    <caja>MRO-TLA3-11</caja>
    <numcaja>TLA311</numcaja>
    <pertenecea>TULA DE ALLENDE MONTE ROS III</pertenecea>
    <cantidad>2318.5</cantidad>
    <concepto>Reporte Gastos</concepto>
    <descripcion>COMPROB GASTOS TULA3 FOLIO 141 DE 2018</descripcion>
    <estatus>POR COMPROBAR</estatus>
    <fecha>2018-10-12T00:00:00-05:00</fecha>
    <hora>16:20</hora>
    <autorizo>JMR</autorizo>
    <usuario>JOSE MANUEL DE LA ROSA  AGUILAR</usuario>
    <nooperador>75</nooperador>
    <comprobacionno>117</comprobacionno>
    <folio>141.2018</folio>
  </Retiros>
  <Retiros>
    <caja>MRO-TLA3-11</caja>
    <numcaja>TLA311</numcaja>
    <pertenecea>TULA DE ALLENDE MONTE ROS III</pertenecea>
    <cantidad>36</cantidad>
    <concepto>Reporte Gastos</concepto>
    <descripcion>COMPROB GASTOS TULA3 FOLIO 142 DE 2018</descripcion>
    <estatus>POR COMPROBAR</estatus>
    <fecha>2018-10-12T00:00:00-05:00</fecha>
    <hora>16:20</hora>
    <autorizo>JMR</autorizo>
    <usuario>JOSE MANUEL DE LA ROSA  AGUILAR</usuario>
    <nooperador>75</nooperador>
    <comprobacionno>118</comprobacionno>
    <folio>142.2018</folio>
  </Retiros>
  <Retiros>
    <caja>MRO-TLA3-11</caja>
    <numcaja>TLA311</numcaja>
    <pertenecea>TULA DE ALLENDE MONTE ROS III</pertenecea>
    <cantidad>269.12</cantidad>
    <concepto>Reporte Gastos</concepto>
    <descripcion>COMPROB GASTOS TULA3 FOLIO 143 DE 2018</descripcion>
    <estatus>POR COMPROBAR</estatus>
    <fecha>2018-10-12T00:00:00-05:00</fecha>
    <hora>16:21</hora>
    <autorizo>JMR</autorizo>
    <usuario>JOSE MANUEL DE LA ROSA  AGUILAR</usuario>
    <nooperador>75</nooperador>
    <comprobacionno>119</comprobacionno>
    <folio>143.2018</folio>
  </Retiros>
  <Retiros>
    <caja>MRO-TLA3-11</caja>
    <numcaja>TLA311</numcaja>
    <pertenecea>TULA DE ALLENDE MONTE ROS III</pertenecea>
    <cantidad>109.81</cantidad>
    <concepto>Reporte Gastos</concepto>
    <descripcion>COMPROB GASTOS TULA3 FOLIO 144 DE 2018</descripcion>
    <estatus>POR COMPROBAR</estatus>
    <fecha>2018-10-12T00:00:00-05:00</fecha>
    <hora>16:21</hora>
    <autorizo>JMR</autorizo>
    <usuario>JOSE MANUEL DE LA ROSA  AGUILAR</usuario>
    <nooperador>75</nooperador>
    <comprobacionno>120</comprobacionno>
    <folio>144.2018</folio>
  </Retiros>
  <Retiros>
    <caja>MRO-TLA3-11</caja>
    <numcaja>TLA311</numcaja>
    <pertenecea>TULA DE ALLENDE MONTE ROS III</pertenecea>
    <cantidad>172.79</cantidad>
    <concepto>Reporte Gastos</concepto>
    <descripcion>COMPROB GASTOS TULA3 FOLIO 145 DE 2018</descripcion>
    <estatus>POR COMPROBAR</estatus>
    <fecha>2018-10-12T00:00:00-05:00</fecha>
    <hora>16:22</hora>
    <autorizo>JMR</autorizo>
    <usuario>JOSE MANUEL DE LA ROSA  AGUILAR</usuario>
    <nooperador>75</nooperador>
    <comprobacionno>121</comprobacionno>
    <folio>145.2018</folio>
  </Retiros>
  <Retiros>
    <caja>MRO-TLA3-11</caja>
    <numcaja>TLA311</numcaja>
    <pertenecea>TULA DE ALLENDE MONTE ROS III</pertenecea>
    <cantidad>234.5</cantidad>
    <concepto>Reporte Gastos</concepto>
    <descripcion>COMPROB GASTOS TULA3 FOLIO 146 DE 2018</descripcion>
    <estatus>POR COMPROBAR</estatus>
    <fecha>2018-10-12T00:00:00-05:00</fecha>
    <hora>16:23</hora>
    <autorizo>JMR</autorizo>
    <usuario>JOSE MANUEL DE LA ROSA  AGUILAR</usuario>
    <nooperador>75</nooperador>
    <comprobacionno>122</comprobacionno>
    <folio>146.2018</folio>
  </Retiros>
  <Retiros>
    <caja>MRO-TLA3-11</caja>
    <numcaja>TLA311</numcaja>
    <pertenecea>TULA DE ALLENDE MONTE ROS III</pertenecea>
    <cantidad>89.8</cantidad>
    <concepto>Reporte Gastos</concepto>
    <descripcion>COMPROB GASTOS TULA3 FOLIO 147 DE 2018</descripcion>
    <estatus>POR COMPROBAR</estatus>
    <fecha>2018-10-12T00:00:00-05:00</fecha>
    <hora>16:25</hora>
    <autorizo>JMR</autorizo>
    <usuario>JOSE MANUEL DE LA ROSA  AGUILAR</usuario>
    <nooperador>75</nooperador>
    <comprobacionno>123</comprobacionno>
    <folio>147.2018</folio>
  </Retiros>
  <Retiros>
    <caja>MRO-TLA3-11</caja>
    <numcaja>TLA311</numcaja>
    <pertenecea>TULA DE ALLENDE MONTE ROS III</pertenecea>
    <cantidad>250</cantidad>
    <concepto>Reporte Gastos</concepto>
    <descripcion>COMPROB GASTOS TULA3 FOLIO 148 DE 2018</descripcion>
    <estatus>POR COMPROBAR</estatus>
    <fecha>2018-10-12T00:00:00-05:00</fecha>
    <hora>16:26</hora>
    <autorizo>JMR</autorizo>
    <usuario>JOSE MANUEL DE LA ROSA  AGUILAR</usuario>
    <nooperador>75</nooperador>
    <comprobacionno>124</comprobacionno>
    <folio>148.2018</folio>
  </Retiros>
  <Retiros>
    <caja>MRO-TLA3-11</caja>
    <numcaja>TLA311</numcaja>
    <pertenecea>TULA DE ALLENDE MONTE ROS III</pertenecea>
    <cantidad>330.41</cantidad>
    <concepto>Reporte Gastos</concepto>
    <descripcion>COMPROB GASTOS TULA3 FOLIO 149 DE 2018</descripcion>
    <estatus>POR COMPROBAR</estatus>
    <fecha>2018-10-12T00:00:00-05:00</fecha>
    <hora>16:27</hora>
    <autorizo>JMR</autorizo>
    <usuario>JOSE MANUEL DE LA ROSA  AGUILAR</usuario>
    <nooperador>75</nooperador>
    <comprobacionno>125</comprobacionno>
    <folio>149</folio>
  </Retiros>
  <Retiros>
    <caja>MRO-TLA3-11</caja>
    <numcaja>TLA311</numcaja>
    <pertenecea>TULA DE ALLENDE MONTE ROS III</pertenecea>
    <cantidad>175.05</cantidad>
    <concepto>Reporte Gastos</concepto>
    <descripcion>COMPROB GASTOS TULA3 FOLIO 150 DE 2018</descripcion>
    <estatus>POR COMPROBAR</estatus>
    <fecha>2018-10-12T00:00:00-05:00</fecha>
    <hora>16:28</hora>
    <autorizo>JMR</autorizo>
    <usuario>JOSE MANUEL DE LA ROSA  AGUILAR</usuario>
    <nooperador>75</nooperador>
    <comprobacionno>126</comprobacionno>
    <folio>150.2018</folio>
  </Retiros>
  <Retiros>
    <caja>MRO-TLA3-11</caja>
    <numcaja>TLA311</numcaja>
    <pertenecea>TULA DE ALLENDE MONTE ROS III</pertenecea>
    <cantidad>1320.08</cantidad>
    <concepto>Reporte Gastos</concepto>
    <descripcion>COMPROB GASTOS TULA3 FOLIO 151 DE 2018</descripcion>
    <estatus>POR COMPROBAR</estatus>
    <fecha>2018-10-12T00:00:00-05:00</fecha>
    <hora>16:29</hora>
    <autorizo>JMR</autorizo>
    <usuario>JOSE MANUEL DE LA ROSA  AGUILAR</usuario>
    <nooperador>75</nooperador>
    <comprobacionno>127</comprobacionno>
    <folio>151.2018</folio>
  </Retiros>
  <Retiros>
    <caja>MRO-TLA3-11</caja>
    <numcaja>TLA311</numcaja>
    <pertenecea>TULA DE ALLENDE MONTE ROS III</pertenecea>
    <cantidad>80.01</cantidad>
    <concepto>Reporte Gastos</concepto>
    <descripcion>COMPROB GASTOS TULA3 FOLIO 152 DE 2018</descripcion>
    <estatus>POR COMPROBAR</estatus>
    <fecha>2018-10-12T00:00:00-05:00</fecha>
    <hora>16:30</hora>
    <autorizo>JMR</autorizo>
    <usuario>JOSE MANUEL DE LA ROSA  AGUILAR</usuario>
    <nooperador>75</nooperador>
    <comprobacionno>128</comprobacionno>
    <folio>152.2018</folio>
  </Retiros>
  <Retiros>
    <caja>MRO-TLA3-11</caja>
    <numcaja>TLA311</numcaja>
    <pertenecea>TULA DE ALLENDE MONTE ROS III</pertenecea>
    <cantidad>10000</cantidad>
    <concepto>Deposito a bancos</concepto>
    <descripcion>DEPO A CHEQUES BANCOMER 12 OCT 2018</descripcion>
    <estatus>POR COMPROBAR</estatus>
    <fecha>2018-10-12T00:00:00-05:00</fecha>
    <hora>16:31</hora>
    <autorizo>JMR</autorizo>
    <usuario>JOSE MANUEL DE LA ROSA  AGUILAR</usuario>
    <nooperador>75</nooperador>
    <comprobacionno>129</comprobacionno>
    <folio>1210.2018</folio>
  </Retiros>
  <Retiros>
    <caja>MRO-TLA3-11</caja>
    <numcaja>TLA311</numcaja>
    <pertenecea>TULA DE ALLENDE MONTE ROS III</pertenecea>
    <cantidad>25000</cantidad>
    <concepto>Transferencias</concepto>
    <descripcion>TRANSFER A FF ADMIN TULA3 </descripcion>
    <estatus>POR COMPROBAR</estatus>
    <fecha>2018-10-12T00:00:00-05:00</fecha>
    <hora>16:32</hora>
    <autorizo>JMR</autorizo>
    <usuario>JOSE MANUEL DE LA ROSA  AGUILAR</usuario>
    <nooperador>75</nooperador>
    <comprobacionno>130</comprobacionno>
    <folio>10.2018</folio>
  </Retiros>
  <Retiros>
    <caja>MRO-TLA3-11</caja>
    <numcaja>TLA311</numcaja>
    <pertenecea>TULA DE ALLENDE MONTE ROS III</pertenecea>
    <cantidad>1699.5</cantidad>
    <concepto>Suministros</concepto>
    <descripcion>COMPROB GASTOS TULA3 FOLIO 153 DE 2018</descripcion>
    <estatus>POR COMPROBAR</estatus>
    <fecha>2018-10-19T00:00:00-05:00</fecha>
    <hora>12:45</hora>
    <autorizo>JMR</autorizo>
    <usuario>JOSE MANUEL DE LA ROSA  AGUILAR</usuario>
    <nooperador>75</nooperador>
    <comprobacionno>131</comprobacionno>
    <folio>153.2018</folio>
  </Retiros>
  <Retiros>
    <caja>MRO-TLA3-11</caja>
    <numcaja>TLA311</numcaja>
    <pertenecea>TULA DE ALLENDE MONTE ROS III</pertenecea>
    <cantidad>6625</cantidad>
    <concepto>Suministros</concepto>
    <descripcion>COMPROB GASTOS TULA3 FOLIO 154 DE 2018</descripcion>
    <estatus>POR COMPROBAR</estatus>
    <fecha>2018-10-19T00:00:00-05:00</fecha>
    <hora>12:46</hora>
    <autorizo>JMR</autorizo>
    <usuario>JOSE MANUEL DE LA ROSA  AGUILAR</usuario>
    <nooperador>75</nooperador>
    <comprobacionno>132</comprobacionno>
    <folio>154.2018</folio>
  </Retiros>
  <Retiros>
    <caja>MRO-TLA3-11</caja>
    <numcaja>TLA311</numcaja>
    <pertenecea>TULA DE ALLENDE MONTE ROS III</pertenecea>
    <cantidad>2265.31</cantidad>
    <concepto>Suministros</concepto>
    <descripcion>COMPROB GASTOS TULA3 FOLIO 155 DE 2018</descripcion>
    <estatus>POR COMPROBAR</estatus>
    <fecha>2018-10-19T00:00:00-05:00</fecha>
    <hora>12:47</hora>
    <autorizo>JMR</autorizo>
    <usuario>JOSE MANUEL DE LA ROSA  AGUILAR</usuario>
    <nooperador>75</nooperador>
    <comprobacionno>133</comprobacionno>
    <folio>155.2018</folio>
  </Retiros>
  <Retiros>
    <caja>MRO-TLA3-11</caja>
    <numcaja>TLA311</numcaja>
    <pertenecea>TULA DE ALLENDE MONTE ROS III</pertenecea>
    <cantidad>159.64</cantidad>
    <concepto>Suministros</concepto>
    <descripcion>COMPROB GASTOS TULA3 FOLIO 156 DE 2018</descripcion>
    <estatus>POR COMPROBAR</estatus>
    <fecha>2018-10-19T00:00:00-05:00</fecha>
    <hora>12:47</hora>
    <autorizo>JMR</autorizo>
    <usuario>JOSE MANUEL DE LA ROSA  AGUILAR</usuario>
    <nooperador>75</nooperador>
    <comprobacionno>134</comprobacionno>
    <folio>156.2018</folio>
  </Retiros>
  <Retiros>
    <caja>MRO-TLA3-11</caja>
    <numcaja>TLA311</numcaja>
    <pertenecea>TULA DE ALLENDE MONTE ROS III</pertenecea>
    <cantidad>2842</cantidad>
    <concepto>Suministros</concepto>
    <descripcion>COMPROB GASTOS TULA3 FOLIO 157 DE 2018</descripcion>
    <estatus>POR COMPROBAR</estatus>
    <fecha>2018-10-19T00:00:00-05:00</fecha>
    <hora>12:47</hora>
    <autorizo>JMR</autorizo>
    <usuario>JOSE MANUEL DE LA ROSA  AGUILAR</usuario>
    <nooperador>75</nooperador>
    <comprobacionno>135</comprobacionno>
    <folio>157.2018</folio>
  </Retiros>
  <Retiros>
    <caja>MRO-TLA3-11</caja>
    <numcaja>TLA311</numcaja>
    <pertenecea>TULA DE ALLENDE MONTE ROS III</pertenecea>
    <cantidad>2175.39</cantidad>
    <concepto>Suministros</concepto>
    <descripcion>COMPROB GASTOS TULA3 FOLIO 158 DE 2018</descripcion>
    <estatus>POR COMPROBAR</estatus>
    <fecha>2018-10-19T00:00:00-05:00</fecha>
    <hora>12:48</hora>
    <autorizo>JMR</autorizo>
    <usuario>JOSE MANUEL DE LA ROSA  AGUILAR</usuario>
    <nooperador>75</nooperador>
    <comprobacionno>136</comprobacionno>
    <folio>158.2018</folio>
  </Retiros>
  <Retiros>
    <caja>MRO-TLA3-11</caja>
    <numcaja>TLA311</numcaja>
    <pertenecea>TULA DE ALLENDE MONTE ROS III</pertenecea>
    <cantidad>77.28</cantidad>
    <concepto>Suministros</concepto>
    <descripcion>COMPROB GASTOS TULA3 FOLIO 159 DE 2018</descripcion>
    <estatus>POR COMPROBAR</estatus>
    <fecha>2018-10-19T00:00:00-05:00</fecha>
    <hora>12:48</hora>
    <autorizo>JMR</autorizo>
    <usuario>JOSE MANUEL DE LA ROSA  AGUILAR</usuario>
    <nooperador>75</nooperador>
    <comprobacionno>137</comprobacionno>
    <folio>159.2018</folio>
  </Retiros>
  <Retiros>
    <caja>MRO-TLA3-11</caja>
    <numcaja>TLA311</numcaja>
    <pertenecea>TULA DE ALLENDE MONTE ROS III</pertenecea>
    <cantidad>270</cantidad>
    <concepto>Suministros</concepto>
    <descripcion>COMPROB GASTOS TULA3 FOLIO 160 DE 2018</descripcion>
    <estatus>POR COMPROBAR</estatus>
    <fecha>2018-10-19T00:00:00-05:00</fecha>
    <hora>12:49</hora>
    <autorizo>JMR</autorizo>
    <usuario>JOSE MANUEL DE LA ROSA  AGUILAR</usuario>
    <nooperador>75</nooperador>
    <comprobacionno>138</comprobacionno>
    <folio>160.2018</folio>
  </Retiros>
  <Retiros>
    <caja>MRO-TLA3-11</caja>
    <numcaja>TLA311</numcaja>
    <pertenecea>TULA DE ALLENDE MONTE ROS III</pertenecea>
    <cantidad>178.5</cantidad>
    <concepto>Suministros</concepto>
    <descripcion>COMPROB GASTOS TULA3 FOLIO 161 DE 2018</descripcion>
    <estatus>POR COMPROBAR</estatus>
    <fecha>2018-10-19T00:00:00-05:00</fecha>
    <hora>12:49</hora>
    <autorizo>JMR</autorizo>
    <usuario>JOSE MANUEL DE LA ROSA  AGUILAR</usuario>
    <nooperador>75</nooperador>
    <comprobacionno>139</comprobacionno>
    <folio>161.2018</folio>
  </Retiros>
  <Retiros>
    <caja>MRO-TLA3-12</caja>
    <numcaja>TLA312</numcaja>
    <pertenecea>TULA DE ALLENDE MONTE ROS III</pertenecea>
    <cantidad>30000</cantidad>
    <concepto>Transferencias</concepto>
    <descripcion>TRANSFER A FF ADMIN JMR TULA3 </descripcion>
    <estatus>POR COMPROBAR</estatus>
    <fecha>2018-10-26T00:00:00-05:00</fecha>
    <hora>16:03</hora>
    <autorizo>JMR</autorizo>
    <usuario>JOSE MANUEL DE LA ROSA  AGUILAR</usuario>
    <nooperador>75</nooperador>
    <comprobacionno>140</comprobacionno>
    <folio>10.2018</folio>
  </Retiros>
  <Retiros>
    <caja>MRO-TLA3-11</caja>
    <numcaja>TLA311</numcaja>
    <pertenecea>TULA DE ALLENDE MONTE ROS III</pertenecea>
    <cantidad>56230.65</cantidad>
    <concepto>Reporte Gastos</concepto>
    <descripcion>COMPROB GASTOS TULA3 FOLIO 162 DE 2018</descripcion>
    <estatus>POR COMPROBAR</estatus>
    <fecha>2018-10-26T00:00:00-05:00</fecha>
    <hora>16:09</hora>
    <autorizo>JMR</autorizo>
    <usuario>JOSE MANUEL DE LA ROSA  AGUILAR</usuario>
    <nooperador>75</nooperador>
    <comprobacionno>141</comprobacionno>
    <folio>162.2018</folio>
  </Retiros>
  <Retiros>
    <caja>MRO-TLA3-11</caja>
    <numcaja>TLA311</numcaja>
    <pertenecea>TULA DE ALLENDE MONTE ROS III</pertenecea>
    <cantidad>1000.43</cantidad>
    <concepto>Reporte Gastos</concepto>
    <descripcion>COMPROB GASTOS TULA3 FOLIO 162 DE 2018</descripcion>
    <estatus>POR COMPROBAR</estatus>
    <fecha>2018-10-26T00:00:00-05:00</fecha>
    <hora>16:09</hora>
    <autorizo>JMR</autorizo>
    <usuario>JOSE MANUEL DE LA ROSA  AGUILAR</usuario>
    <nooperador>75</nooperador>
    <comprobacionno>142</comprobacionno>
    <folio>163.2018</folio>
  </Retiros>
  <Retiros>
    <caja>MRO-TLA3-11</caja>
    <numcaja>TLA311</numcaja>
    <pertenecea>TULA DE ALLENDE MONTE ROS III</pertenecea>
    <cantidad>1718</cantidad>
    <concepto>Reporte Gastos</concepto>
    <descripcion>COMPROB GASTOS TULA3 FOLIO 164 DE 2018</descripcion>
    <estatus>POR COMPROBAR</estatus>
    <fecha>2018-10-26T00:00:00-05:00</fecha>
    <hora>16:10</hora>
    <autorizo>JMR</autorizo>
    <usuario>JOSE MANUEL DE LA ROSA  AGUILAR</usuario>
    <nooperador>75</nooperador>
    <comprobacionno>143</comprobacionno>
    <folio>164.2018</folio>
  </Retiros>
  <Retiros>
    <caja>MRO-TLA3-11</caja>
    <numcaja>TLA311</numcaja>
    <pertenecea>TULA DE ALLENDE MONTE ROS III</pertenecea>
    <cantidad>463</cantidad>
    <concepto>Reporte Gastos</concepto>
    <descripcion>COMPROB GASTOS TULA3 FOLIO 165 DE 2018</descripcion>
    <estatus>POR COMPROBAR</estatus>
    <fecha>2018-10-26T00:00:00-05:00</fecha>
    <hora>16:10</hora>
    <autorizo>JMR</autorizo>
    <usuario>JOSE MANUEL DE LA ROSA  AGUILAR</usuario>
    <nooperador>75</nooperador>
    <comprobacionno>144</comprobacionno>
    <folio>165.2018</folio>
  </Retiros>
  <Retiros>
    <caja>MRO-TLA3-11</caja>
    <numcaja>TLA311</numcaja>
    <pertenecea>TULA DE ALLENDE MONTE ROS III</pertenecea>
    <cantidad>52.2</cantidad>
    <concepto>Reporte Gastos</concepto>
    <descripcion>COMPROB GASTOS TULA3 FOLIO 166 DE 2018</descripcion>
    <estatus>POR COMPROBAR</estatus>
    <fecha>2018-10-26T00:00:00-05:00</fecha>
    <hora>16:11</hora>
    <autorizo>JMR</autorizo>
    <usuario>JOSE MANUEL DE LA ROSA  AGUILAR</usuario>
    <nooperador>75</nooperador>
    <comprobacionno>145</comprobacionno>
    <folio>166.2018</folio>
  </Retiros>
  <Retiros>
    <caja>MRO-TLA3-11</caja>
    <numcaja>TLA311</numcaja>
    <pertenecea>TULA DE ALLENDE MONTE ROS III</pertenecea>
    <cantidad>72</cantidad>
    <concepto>Reporte Gastos</concepto>
    <descripcion>COMPROB GASTOS TULA3 FOLIO 167 DE 2018</descripcion>
    <estatus>POR COMPROBAR</estatus>
    <fecha>2018-10-26T00:00:00-05:00</fecha>
    <hora>16:11</hora>
    <autorizo>JMR</autorizo>
    <usuario>JOSE MANUEL DE LA ROSA  AGUILAR</usuario>
    <nooperador>75</nooperador>
    <comprobacionno>146</comprobacionno>
    <folio>167.2018</folio>
  </Retiros>
  <Retiros>
    <caja>MRO-TLA3-12</caja>
    <numcaja>TLA312</numcaja>
    <pertenecea>TULA DE ALLENDE MONTE ROS III</pertenecea>
    <cantidad>30000</cantidad>
    <concepto>Transferencias</concepto>
    <descripcion>TRANSFER A FF ADMINISTRADOR JMR TULA3</descripcion>
    <estatus>POR COMPROBAR</estatus>
    <fecha>2018-11-01T00:00:00-06:00</fecha>
    <hora>14:24</hora>
    <autorizo>JMR</autorizo>
    <usuario>JOSE MANUEL DE LA ROSA  AGUILAR</usuario>
    <nooperador>75</nooperador>
    <comprobacionno>147</comprobacionno>
    <folio>112018</folio>
  </Retiros>
</NewDataSet>